1,36325982,10819573,answer,77534
2,36325982,2333222,accepted_answer,22973
3,36325982,5336604,comment,53
4,36325982,5336604,comment,53
5,36325982,2333222,unaccepted_answer,22973
6,36325982,5336604,comment,53
7,36325982,2333222,answer,22973
8,36325982,5336604,comment,53
9,36325982,912829,comment,10492
10,36325982,571407,comment,690875
11,36325982,571407,comment,690875
12,36325982,5336604,question,53
13,79280781,2670892,comment,111025
14,79280781,1065175,comment,2291
15,79280781,1065175,comment,2291
16,79280781,85421,comment,29580
17,79280781,6395627,comment,45278
18,79280781,721855,comment,25544
19,79280781,12567365,comment,21809
20,79280781,12567365,comment,21809
21,79280781,102937,comment,180642
22,79280781,238704,comment,41900
23,79280781,1065175,question,2291
24,79280952,115145,comment,1005147
25,79280952,4570929,answer,167
26,79280952,988901,question,197
27,67808136,3720443,answer,11
28,67808136,274354,comment,18551
29,67808136,11477760,comment,137
30,67808136,274354,comment,18551
31,67808136,11477760,comment,137
32,67808136,3458895,answer,11
33,67808136,274354,answer,18551
34,67808136,274354,comment,18551
35,67808136,274354,comment,18551
36,67808136,2563754,comment,20569
37,67808136,274354,question,18551
38,79280898,18235420,comment,19
39,79280898,85421,comment,29580
40,79280898,18235420,comment,19
41,79280898,16376827,comment,4266
42,79280898,85421,comment,29580
43,79280898,18235420,comment,19
44,79280898,18235420,comment,19
45,79280898,85421,comment,29580
46,79280898,16376827,comment,4266
47,79280898,18235420,comment,19
48,79280898,16376827,comment,4266
49,79280898,18235420,question,19
50,79279853,22979914,answer,119
51,79279853,22979914,comment,119
52,79279853,5881068,comment,37
53,79279853,22979914,comment,119
54,79279853,5881068,question,37
55,79280905,6316044,comment,2596
56,79280905,11720294,question,1
57,79280658,6395627,comment,45278
58,79280658,28780426,comment,1
59,79280658,28780426,comment,1
60,79280658,6395627,comment,45278
61,79280658,642706,comment,335881
62,79280658,28780426,question,1
63,31211842,18588457,answer,1
64,31211842,4854931,comment,3016
65,8911099,642706,comment,335881
66,8911099,10819573,answer,77534
67,8911099,3952885,answer,2675
68,79280620,24123140,comment,21
69,79280620,24123140,answer,21
70,79280620,28780242,answer,11
71,79280620,24123140,question,21
72,28071349,7608371,answer,1819
73,28071349,7608371,answer,1819
74,76894998,28781024,answer,1
75,76894998,721855,comment,25544
76,76894998,18328181,comment,19
77,76894998,721855,comment,25544
78,76894998,18328181,question,19
79,79279976,768644,comment,101552
80,79279976,23334834,comment,121
81,79279976,23334834,comment,121
82,79279976,23334834,comment,121
83,79279976,16376827,comment,4266
84,79279976,16376827,comment,4266
85,79279976,768644,answer,101552
86,79279976,2338547,comment,10980
87,79279976,23334834,question,121
88,21835975,3320187,comment,1
89,21835975,3320187,comment,1
90,21835975,2300769,comment,1916
91,21835975,2300769,answer,1916
92,21835975,3320187,question,1
93,79280391,265140,question,1162
94,79280483,10606381,question,155
95,73731120,18519921,comment,26290
96,73731120,24356955,answer,1
97,73731120,11647767,comment,69
98,73731120,11647767,comment,69
99,73731120,7819964,comment,1184
100,73731120,11647767,comment,69
101,73731120,7731623,comment,2892
102,73731120,11647767,question,69
103,79260793,6746785,accepted_answer,3226
104,79260793,23787503,unaccepted_answer,33
105,79260793,6746785,unaccepted_answer,3226
106,79260793,23787503,answer,33
107,79260793,6746785,unaccepted_answer,3226
108,79260793,23787503,comment,33
109,79260793,23787503,comment,33
110,79260793,6746785,answer,3226
111,79260793,23787503,comment,33
112,79260793,1552534,comment,39856
113,79260793,23787503,comment,33
114,79260793,23787503,comment,33
115,79260793,85421,comment,29580
116,79260793,6746785,comment,3226
117,79260793,23787503,question,33
118,21934427,3552141,comment,3945
119,21934427,1672009,comment,4211
120,21934427,1235476,comment,1480
121,21934427,1672009,comment,4211
122,21934427,1235476,comment,1480
123,21934427,1672009,answer,4211
124,21934427,1235476,comment,1480
125,21934427,1369754,comment,1864
126,21934427,424903,comment,5299
127,21934427,1235476,comment,1480
128,21934427,1235476,comment,1480
129,21934427,424903,comment,5299
130,21934427,1235476,comment,1480
131,21934427,424903,comment,5299
132,21934427,1235476,comment,1480
133,21934427,424903,comment,5299
134,21934427,1235476,question,1480
135,79280537,6624237,question,33
136,79280493,28538163,accepted_answer,146
137,79280493,28538163,answer,146
138,79280493,85421,comment,29580
139,79280493,22651151,comment,731
140,79280493,28779327,question,11
141,1273688,4951785,answer,76
142,1273688,2336212,comment,1728
143,1273688,29620,accepted_answer,4540
144,1273688,29620,answer,4540
145,1273688,8946,comment,63928
146,1273688,8946,comment,63928
147,1273688,120292,comment,44769
148,1273688,56242,comment,11576
149,1273688,8946,comment,63928
150,1273688,56242,answer,11576
151,1273688,8946,question,63928
152,79275170,23669990,comment,101
153,79275170,28712954,comment,246
154,79275170,13963086,comment,10778
155,79275170,28712954,comment,246
156,79275170,19401035,comment,187
157,79275170,19401035,comment,187
158,79275170,19401035,comment,187
159,79275170,23669990,comment,101
160,79275170,1774667,comment,274267
161,79275170,28712954,accepted_answer,246
162,79275170,13963086,comment,10778
163,79275170,869736,comment,197507
164,79275170,642706,comment,335881
165,79275170,161995,comment,2051
166,79275170,28712954,answer,246
167,79275170,19401035,comment,187
168,79275170,8326972,comment,845
169,79275170,19401035,question,187
170,79280456,26656564,question,131
171,56246243,176886,comment,1415
172,56246243,2441286,comment,425
173,56246243,10008771,comment,3504
174,56246243,2441286,comment,425
175,56246243,10008771,answer,3504
176,56246243,2441286,question,425
177,79280442,16376827,comment,4266
178,79280442,27491562,comment,1
179,79280442,139985,comment,717774
180,79280442,139985,comment,717774
181,79280442,1707427,comment,2435
182,79280442,27491562,question,1
183,79278992,10928439,comment,5903
184,79278992,10928439,accepted_answer,5903
185,79278992,6395627,comment,45278
186,79278992,6395627,comment,45278
187,79278992,10928439,answer,5903
188,79278992,4216641,comment,19750
189,79278992,2678496,comment,77
190,79278992,4216641,comment,19750
191,79278992,2678496,question,77
192,17113460,5772882,comment,85501
193,17113460,642706,answer,335881
194,17113460,1849493,comment,217
195,17113460,453005,accepted_answer,38240
196,17113460,453005,answer,38240
197,17113460,2354099,comment,4798
198,17113460,1849493,comment,217
199,17113460,1093528,comment,121532
200,17113460,311525,comment,17017
201,17113460,2354099,comment,4798
202,17113460,1961634,comment,22191
203,17113460,586086,answer,36800
204,17113460,311525,answer,17017
205,17113460,520684,comment,10656
206,17113460,2354099,comment,4798
207,17113460,1283845,comment,23493
208,79280416,1953504,comment,11599
209,79280416,1953504,question,11599
210,79278337,17749481,comment,1
211,79278337,7297700,comment,88087
212,79278337,7297700,answer,88087
213,79278337,17749481,comment,1
214,79278337,13061224,comment,8960
215,79278337,17749481,comment,1
216,79278337,17749481,comment,1
217,79278337,13061224,comment,8960
218,79278337,17749481,comment,1
219,79278337,13061224,comment,8960
220,79278337,721855,comment,25544
221,79278337,17749481,comment,1
222,79278337,17749481,comment,1
223,79278337,17749481,comment,1
224,79278337,13061224,comment,8960
225,79278337,17749481,comment,1
226,79278337,17749481,comment,1
227,79278337,17749481,comment,1
228,79278337,17749481,comment,1
229,79278337,13061224,comment,8960
230,79278337,24079977,comment,472
231,79278337,2164365,comment,20877
232,79278337,2029983,comment,95059
233,19527695,85421,answer,29580
234,19527695,1679863,accepted_answer,212945
235,19527695,2711488,comment,297375
236,19527695,1679863,comment,212945
237,19527695,86604,comment,36281
238,19527695,1679863,comment,212945
239,19527695,86604,comment,36281
240,19527695,1679863,comment,212945
241,19527695,330057,comment,82479
242,79278477,21322874,comment,3
243,79278477,21322874,comment,3
244,79278477,19144428,comment,9671
245,79278477,21322874,comment,3
246,79278477,19144428,comment,9671
247,79278477,19144428,comment,9671
248,79278477,21322874,question,3
249,79280349,995016,question,100
250,79280338,2164365,comment,20877
251,79280338,286934,comment,19275
252,79280338,28778257,question,1
253,79280329,522444,comment,285338
254,79280329,522444,comment,285338
255,79280329,2164365,comment,20877
256,79280329,642706,comment,335881
257,79280329,21310959,comment,551
258,79280329,28695350,question,1
259,68638213,642706,comment,335881
260,68638213,1108305,comment,20482
261,68638213,1108305,comment,20482
262,68638213,1108305,answer,20482
263,68638213,10362945,answer,175
264,68638213,642706,accepted_answer,335881
265,68638213,642706,answer,335881
266,68638213,5696544,question,63
267,79280166,8258991,comment,55
268,79280166,5389127,comment,14881
269,79280166,8258991,question,55
270,7454330,8965861,comment,607
271,70971730,967151,answer,1885
272,70971730,12640900,accepted_answer,184
273,70971730,9195175,comment,167
274,70971730,12640900,comment,184
275,70971730,12640900,comment,184
276,70971730,9195175,comment,167
277,70971730,12640900,answer,184
278,70971730,12640900,comment,184
279,70971730,9195175,question,167
280,79277858,359035,answer,12873
281,79277858,16376827,comment,4266
282,79277858,28765502,question,1
283,79274634,6452448,comment,417
284,79274634,6452448,comment,417
285,79274634,6452448,comment,417
286,79274634,386564,comment,709
287,79274634,2696260,comment,123736
288,79274634,6452448,question,417
289,29264755,5849170,answer,470
290,29264755,3672693,comment,41
291,29264755,3906213,answer,3628
292,29264755,3672693,question,41
293,23025461,2949042,comment,365
294,23025461,2949042,comment,365
295,23025461,2540471,answer,12295
296,23025461,2949042,question,365
297,77676475,5378327,answer,101
298,77676475,209103,accepted_answer,596735
299,77676475,209103,answer,596735
300,77676475,22480820,question,89
301,32639866,28771048,answer,1
302,32639866,25303431,answer,1
303,32639866,6166898,accepted_answer,314
304,32639866,1057052,comment,11037
305,32639866,1517187,comment,1611
306,32639866,3647165,answer,1190
307,32639866,5882838,answer,191
308,32639866,6166898,answer,314
309,32639866,1210304,comment,1529
310,32639866,5321349,comment,1922
311,32639866,1210304,comment,1529
312,32639866,5221149,comment,158777
313,32639866,1210304,comment,1529
314,32639866,5321349,comment,1922
315,32639866,1210304,comment,1529
316,32639866,1210304,comment,1529
317,32639866,53897,comment,75266
318,32639866,1210304,comment,1529
319,32639866,5221149,comment,158777
320,50563593,28768924,answer,1
321,50563593,22503572,answer,1
322,50563593,10091199,answer,121
323,50563593,5460250,comment,309
324,50563593,20807930,answer,356
325,50563593,9598447,comment,194
326,77477209,8197088,answer,41
327,77477209,11799896,answer,1
328,77477209,6600056,comment,1047
329,77477209,6600056,comment,1047
330,77477209,19839635,answer,373
331,77477209,5034193,comment,625
332,77477209,769265,comment,95453
333,77477209,769265,comment,95453
334,77477209,1801202,answer,1108
335,77477209,5034193,comment,625
336,77477209,5034193,comment,625
337,77477209,8451032,comment,350
338,77477209,4283005,comment,10497
339,77477209,16048914,comment,1840
340,77477209,5034193,comment,625
341,77477209,1676363,comment,199120
342,77477209,5034193,question,625
343,76595015,13454435,answer,23
344,76595015,12411212,comment,269
345,76595015,12495516,question,35
346,66380187,23156758,answer,51
347,66380187,10183294,accepted_answer,746
348,66380187,10183294,answer,746
349,79280163,17530237,question,504
350,10671050,1079542,answer,126
351,10671050,2524094,answer,53
352,10671050,594183,comment,16005
353,10671050,1405888,comment,11
354,10671050,103605,answer,6503
355,10671050,103605,comment,6503
356,10671050,594183,answer,16005
357,10671050,1405888,question,11
358,79279994,6390716,answer,20
359,79279994,4954189,question,1
360,79269993,23434446,comment,156
361,79269993,2711488,comment,297375
362,79269993,23434446,comment,156
363,79269993,2711488,comment,297375
364,79269993,23434446,comment,156
365,79269993,2164365,comment,20877
366,79269993,1831987,comment,43921
367,79269993,300257,comment,51290
368,79269993,300257,comment,51290
369,79269993,23434446,question,156
370,75624540,13381737,comment,1
371,75624540,19133920,answer,9514
372,75624540,11863448,comment,1928
373,75624540,13381737,question,1
374,79279730,13034407,comment,17
375,79279730,22728866,comment,29
376,79279730,13034407,answer,17
377,79279730,21534708,answer,152
378,79279730,22728866,question,29
379,56913567,3066062,answer,137
380,56913567,6395627,accepted_answer,45278
381,56913567,2711488,comment,297375
382,56913567,6395627,answer,45278
383,56913567,2875641,comment,2101
384,56913567,2875641,answer,2101
385,56913567,1393766,comment,124155
386,56913567,507738,comment,22917
387,56913567,982161,answer,48203
388,56913567,340088,answer,22091
389,56913567,6395627,comment,45278
390,56913567,1712135,comment,18500
391,56913567,2875641,question,2101
392,24567625,2091585,comment,2160
393,24567625,2864807,accepted_answer,674
394,24567625,2864807,comment,674
395,24567625,2864807,comment,674
396,24567625,260653,comment,128
397,24567625,2864807,answer,674
398,24567625,260653,question,128
399,79217201,2308683,comment,191181
400,79217201,12922702,comment,15
401,79217201,2308683,comment,191181
402,79217201,638764,comment,9407
403,79217201,12922702,comment,15
404,79217201,2308683,comment,191181
405,79217201,12922702,question,15
406,79275183,10060134,answer,660
407,79275183,28751628,question,1
408,27501492,1248505,answer,3776
409,27501492,2546966,comment,3649
410,27501492,1166320,comment,500
411,27501492,1166320,comment,500
412,27501492,1166320,comment,500
413,27501492,849076,comment,8562
414,27501492,849076,comment,8562
415,27501492,1166320,comment,500
416,27501492,1166320,question,500
417,33067606,1090079,accepted_answer,63714
418,33067606,4827901,unaccepted_answer,33
419,33067606,1090079,unaccepted_answer,63714
420,33067606,3560472,answer,540
421,33067606,4827901,answer,33
422,33067606,1090079,answer,63714
423,33067606,2939175,answer,2907
424,33067606,4042839,answer,1449
425,33067606,5433853,question,31
426,79276142,546218,comment,7318
427,79276142,6505250,comment,33922
428,79276142,139985,comment,717774
429,79276142,546218,comment,7318
430,79276142,740553,comment,53274
431,79276142,546218,comment,7318
432,79276142,740553,comment,53274
433,79276142,546218,question,7318
434,79274324,215266,answer,14972
435,79274324,27007167,question,1
436,79278697,6390716,answer,20
437,79278697,4956336,comment,4407
438,79278697,6487941,question,1
439,79279743,384137,question,3321
440,79279776,384137,question,3321
441,23503921,671543,comment,39348
442,23503921,14593377,comment,167
443,23503921,671543,comment,39348
444,23503921,14593377,comment,167
445,23503921,8833640,answer,1
446,23503921,671543,comment,39348
447,23503921,1221512,comment,32315
448,23503921,714158,comment,1133
449,23503921,671543,comment,39348
450,23503921,714158,comment,1133
451,23503921,671543,comment,39348
452,23503921,671543,answer,39348
453,23503921,3287359,comment,578
454,23503921,714158,accepted_answer,1133
455,23503921,3287359,comment,578
456,23503921,1221512,comment,32315
457,34207920,774398,comment,35124
458,34207920,1919879,comment,24523
459,34207920,774398,comment,35124
460,34207920,1919879,answer,24523
461,34207920,1198176,question,1045
462,64584393,13884034,accepted_answer,1016
463,64584393,13884034,answer,1016
464,64584393,13884034,comment,1016
465,64584393,13884034,comment,1016
466,64584393,7822301,answer,2677
467,64584393,13884034,question,1016
468,10093105,131146,comment,2841
469,10093105,131146,comment,2841
470,10093105,1272885,comment,4666
471,10093105,131146,answer,2841
472,10093105,131146,question,2841
473,24903259,10819573,answer,77534
474,24903259,2591612,comment,3403
475,24903259,3270198,comment,589
476,24903259,2591612,comment,3403
477,24903259,2591612,comment,3403
478,24903259,3270198,comment,589
479,24903259,133645,accepted_answer,10433
480,24903259,731183,comment,5345
481,77414723,1712294,answer,12272
482,77414723,5277820,comment,16922
483,77414723,22850640,question,1
484,39724313,5211519,comment,10124
485,39724313,5211519,comment,10124
486,39724313,6159397,answer,712
487,39724313,5211519,question,10124
488,72898457,12211826,answer,654
489,72898457,16325639,comment,67
490,72898457,5043585,answer,10481
491,72898457,16325639,question,67
492,9663927,17214955,answer,27
493,9663927,380069,comment,940
494,9663927,23397690,answer,61
495,36779277,4766235,answer,21
496,36779277,3619,answer,22344
497,36779277,4338686,answer,39
498,36779277,6168635,question,17
499,27840670,10819573,answer,77534
500,68905227,9444073,comment,29322
501,68905227,5359846,comment,1672
502,68905227,10257512,answer,828
503,68905227,9444073,accepted_answer,29322
504,68905227,9444073,answer,29322
505,68905227,3485434,answer,33257
506,68905227,5359846,question,1672
507,18952782,100970,answer,27405
508,18952782,22656,accepted_answer,1494514
509,18952782,22656,answer,1494514
510,18952782,2469796,comment,1344
511,18952782,22656,comment,1494514
512,18952782,2469796,comment,1344
513,18952782,22656,comment,1494514
514,18952782,2469796,comment,1344
515,18952782,2469796,comment,1344
516,18952782,341291,answer,14129
517,18952782,768795,answer,14135
518,18952782,22656,comment,1494514
519,18952782,2469796,question,1344
520,77856651,3239653,answer,1201
521,77856651,10634207,comment,155
522,77856651,4045489,comment,2228
523,77856651,10254476,accepted_answer,1758
524,77856651,10254476,answer,1758
525,77856651,10634207,question,155
526,79279319,19553779,question,19
527,76441136,854342,answer,7279
528,76441136,4331545,comment,145
529,76441136,4331545,answer,145
530,76441136,4331545,comment,145
531,76441136,5354987,comment,320
532,76441136,5354987,comment,320
533,76441136,5354987,comment,320
534,76441136,5354987,comment,320
535,76441136,5354987,comment,320
536,76441136,5354987,comment,320
537,76441136,5354987,comment,320
538,76441136,4331545,comment,145
539,76441136,48503,comment,64869
540,76441136,4331545,comment,145
541,76441136,5354987,comment,320
542,76441136,4331545,question,145
543,44000755,5772882,comment,85501
544,44000755,5772882,comment,85501
545,44000755,85421,comment,29580
546,44000755,10819573,answer,77534
547,44000755,11202002,answer,89
548,44000755,5917104,accepted_answer,2535
549,44000755,119179,comment,2919
550,44000755,4104555,comment,6254
551,44000755,5006139,comment,77
552,44000755,5917104,comment,2535
553,44000755,4104555,comment,6254
554,44000755,5917104,answer,2535
555,44000755,7321132,answer,132
556,44000755,5006139,question,77
557,79265762,1341731,comment,181
558,79265762,28772551,answer,1
559,79265762,1341731,comment,181
560,79265762,150978,comment,42535
561,79265762,1341731,comment,181
562,79265762,2164365,comment,20877
563,79265762,1341731,comment,181
564,79265762,6280255,comment,856
565,79265762,1341731,question,181
566,79279268,359035,comment,12873
567,79279268,642706,comment,335881
568,79279268,642706,comment,335881
569,79279268,721855,comment,25544
570,79279268,460557,comment,23362
571,79279268,460557,comment,23362
572,79279268,2957592,question,227
573,43131020,15114110,answer,31
574,43131020,6998684,comment,26765
575,43131020,6998684,comment,26765
576,43131020,3562513,answer,84
577,43131020,6176239,comment,341
578,43131020,19356052,comment,137
579,14971647,85421,answer,29580
580,14971647,28771920,answer,1
581,14971647,836214,comment,16195
582,14971647,4725,comment,147055
583,14971647,14860,comment,879257
584,14971647,2030372,accepted_answer,1617
585,14971647,14860,comment,879257
586,14971647,1363273,comment,737
587,14971647,866835,answer,1150
588,14971647,2030372,answer,1617
589,14971647,14860,answer,879257
590,14971647,836214,answer,16195
591,14971647,513342,answer,17454
592,14971647,858926,comment,2132
593,14971647,1363273,question,737
594,79278711,2711488,answer,297375
595,79278711,27261123,question,153
596,79268109,28712954,question,246
597,64141051,19167671,answer,21
598,64141051,607637,comment,25116
599,64141051,1193189,comment,1121
600,64141051,607637,comment,25116
601,64141051,1193189,comment,1121
602,64141051,607637,comment,25116
603,64141051,1193189,question,1121
604,79278736,28737927,answer,46
605,79278736,9543896,answer,33
606,79278736,608820,comment,29710
607,79278736,442806,question,1398
608,79278928,3375417,comment,463
609,79278928,6749628,accepted_answer,51
610,79278928,740553,comment,53274
611,79278928,28764061,answer,17
612,79278928,2357112,comment,278030
613,79278928,28447954,answer,536
614,79278928,6749628,answer,51
615,79278928,4216641,comment,19750
616,79278928,3375417,question,463
617,18093928,85421,comment,29580
618,18093928,85421,comment,29580
619,18093928,2164365,comment,20877
620,18093928,19312184,answer,21
621,18093928,5472208,answer,11
622,79279085,1261464,question,555
623,79278774,3166622,comment,2816
624,79278774,6749628,accepted_answer,51
625,79278774,6749628,answer,51
626,79278774,3166622,question,2816
627,79276625,801894,comment,27067
628,79276625,768644,comment,101552
629,79276625,17490497,comment,585
630,79276625,68587,comment,360691
631,79276625,768644,comment,101552
632,79276625,1831987,comment,43921
633,79276625,68587,comment,360691
634,79276625,801894,comment,27067
635,79276625,17490497,comment,585
636,79276625,5533591,comment,873
637,79276625,5772882,comment,85501
638,79276625,768644,answer,101552
639,79276625,17490497,answer,585
640,79276625,21884343,question,31
641,40576728,5051894,answer,941
642,40576728,243373,accepted_answer,16134
643,40576728,4048585,comment,1336
644,40576728,243373,answer,16134
645,40576728,4048585,comment,1336
646,40576728,243373,comment,16134
647,40576728,243373,comment,16134
648,40576728,243373,comment,16134
649,40576728,4048585,question,1336
650,79278954,4216641,comment,19750
651,79278954,4216641,comment,19750
652,79278954,21918326,question,1
653,79278952,2125853,comment,1315
654,79278952,2670892,comment,111025
655,79278952,2125853,question,1315
656,451182,7924362,answer,29
657,451182,3538565,comment,144
658,451182,3538565,comment,144
659,451182,2114786,comment,3101
660,17663167,5169432,answer,1063
661,17663167,2494968,comment,111
662,17663167,2494968,comment,111
663,17663167,2494968,comment,111
664,17663167,2584700,answer,3709
665,17663167,2494968,comment,111
666,17663167,2494968,question,111
667,79277429,16959745,comment,435
668,79277429,12130789,answer,11
669,79277429,28762987,question,11
670,79278710,21635904,comment,3
671,79278710,11524658,comment,123
672,79278710,21635904,comment,3
673,79278710,3656904,comment,20173
674,79278710,21635904,comment,3
675,79278710,16872280,answer,23
676,79278710,21635904,question,3
677,43166319,7491770,accepted_answer,1169
678,43166319,7491770,unaccepted_answer,1169
679,43166319,7491770,unaccepted_answer,1169
680,43166319,7491770,answer,1169
681,43166319,5256337,comment,3274
682,43166319,3094731,comment,12522
683,43166319,6337109,question,33
684,79277212,10802527,comment,11487
685,79277212,10802527,accepted_answer,11487
686,79277212,10802527,comment,11487
687,79277212,10802527,comment,11487
688,79277212,27326776,comment,23
689,79277212,10802527,answer,11487
690,79277212,701996,comment,31026
691,79277212,1729265,comment,95503
692,79277212,10802527,comment,11487
693,79277212,27326776,question,23
694,73867994,3705861,answer,2334
695,73867994,12710322,comment,89
696,73867994,7968003,answer,626
697,73867994,12710322,question,89
698,79278748,10928439,comment,5903
699,79278748,20845398,question,43
700,79275521,738343,accepted_answer,410
701,79275521,3392204,comment,9
702,79275521,738343,answer,410
703,79275521,17547033,comment,1150
704,79275521,3392204,answer,9
705,79275521,17547033,question,1150
706,22609217,85421,comment,29580
707,79278595,2579738,comment,22053
708,79278595,44729,comment,52006
709,79278595,4398606,question,361
710,5368976,26335185,answer,1
711,5368976,423740,comment,127
712,5368976,423740,comment,127
713,5368976,574799,accepted_answer,26799
714,5368976,574799,answer,26799
715,5368976,618996,answer,822
716,5368976,12704,comment,24458
717,5368976,423740,question,127
718,79278628,5246885,comment,138674
719,79278628,209103,comment,596735
720,79278628,5697347,comment,747
721,79278628,4571969,question,121
722,79278480,1092818,comment,10697
723,79278480,2636929,comment,9417
724,79278480,5133585,answer,266425
725,79278480,3214777,question,548
726,79278490,6395627,comment,45278
727,79278490,6390716,answer,20
728,79278490,4071001,question,3478
729,79277855,3945473,accepted_answer,11946
730,79277855,8599268,comment,3
731,79277855,3945473,answer,11946
732,79277855,8599268,question,3
733,79278322,28274645,answer,21
734,79278322,28274645,comment,21
735,79278322,4800355,comment,4755
736,79278322,28274645,answer,21
737,79278322,4800355,question,4755
738,79271752,5019386,answer,31425
739,79271752,14005640,question,1
740,79278450,13963086,comment,10778
741,79278450,13963086,comment,10778
742,79278450,522444,comment,285338
743,79278450,522444,comment,285338
744,79278450,522444,comment,285338
745,79278450,522444,comment,285338
746,79278450,20776008,question,7
747,79272130,1155209,comment,158901
748,79272130,26854929,comment,1
749,79272130,1155209,comment,158901
750,79272130,26854929,comment,1
751,79272130,1155209,comment,158901
752,79272130,1155209,comment,158901
753,79272130,2423906,comment,13710
754,79272130,2189127,comment,208679
755,79272130,26854929,question,1
756,79277573,1840146,comment,14573
757,79277573,12768652,comment,49
758,79277573,1840146,comment,14573
759,79277573,1840146,comment,14573
760,79277573,1840146,comment,14573
761,79277573,12768652,comment,49
762,79277573,2636929,comment,9417
763,79277573,12768652,question,49
764,79274476,28747933,comment,29
765,79274476,20561885,accepted_answer,606
766,79274476,20561885,answer,606
767,79274476,28747933,question,29
768,79278415,5678032,question,1
769,70306974,971675,answer,1100
770,70306974,11317418,comment,99
771,70306974,6650475,comment,2741
772,70306974,10869284,comment,692
773,70306974,11317418,question,99
774,79278401,2164365,comment,20877
775,79278401,8683113,comment,114
776,79278401,1938018,question,330
777,79175803,6421233,answer,1
778,79175803,17299516,question,23
779,79278382,721855,comment,25544
780,79278382,721855,comment,25544
781,79278382,3081018,comment,122592
782,79278382,17158119,question,67
783,21759534,820127,comment,15635
784,21759534,3306321,answer,375
785,21759534,2508646,comment,2754
786,21759534,838976,answer,8785
787,21759534,1870555,comment,27306
788,21759534,965593,comment,2094
789,21759534,3002714,question,17
790,79274855,1305745,question,4278
791,79274855,1305745,answer,4278
792,64939029,22308347,answer,1
793,64939029,14677877,accepted_answer,43
794,64939029,14677877,answer,43
795,64939029,7805359,comment,2079
796,64939029,14677877,comment,43
797,64939029,14677877,comment,43
798,64939029,1334859,comment,2552
799,64939029,7805359,comment,2079
800,64939029,14677877,question,43
801,44949254,24485186,answer,5
802,44949254,17553332,answer,1
803,44949254,8629258,answer,692
804,44949254,1823589,comment,722
805,60626607,806883,answer,825
806,60626607,16905468,answer,51
807,60626607,2763683,answer,5090
808,60626607,2448287,comment,2220
809,60626607,869736,comment,197507
810,60626607,9241978,comment,17218
811,60626607,2448287,question,2220
812,70149719,506796,comment,93121
813,70149719,13308991,comment,10465
814,70149719,1788205,comment,263
815,70149719,13308991,comment,10465
816,70149719,1788205,comment,263
817,70149719,13308991,comment,10465
818,70149719,1788205,comment,263
819,70149719,9783847,comment,138
820,70149719,13308991,answer,10465
821,70149719,1788205,comment,263
822,70149719,4017501,comment,10477
823,70149719,1788205,question,263
824,79272068,16376827,comment,4266
825,79272068,7012917,answer,925
826,79272068,2270762,answer,94689
827,79272068,266304,answer,190590
828,79272068,266304,comment,190590
829,79272068,7012917,comment,925
830,79272068,16376827,answer,4266
831,79272068,266304,comment,190590
832,79272068,7012917,comment,925
833,79272068,266304,comment,190590
834,79272068,7012917,comment,925
835,79272068,16376827,comment,4266
836,79272068,7012917,question,925
837,72682139,2164728,accepted_answer,12699
838,72682139,2164728,comment,12699
839,72682139,15693533,comment,39
840,72682139,2164728,answer,12699
841,72682139,15693533,question,39
842,79273206,4443260,answer,635
843,79273206,4443260,comment,635
844,79273206,4443260,comment,635
845,79273206,5389127,comment,14881
846,79273206,5389127,comment,14881
847,79273206,4443260,comment,635
848,79273206,4443260,comment,635
849,79273206,7214091,comment,3273
850,79273206,7214091,comment,3273
851,79273206,4443260,question,635
852,63876345,8721465,answer,1
853,63876345,10376131,answer,91
854,63876345,13252819,accepted_answer,21
855,63876345,13252819,answer,21
856,63876345,13252819,comment,21
857,63876345,243245,comment,34380
858,63876345,243245,comment,34380
859,63876345,13252819,question,21
860,77081390,6035432,answer,371
861,77081390,1347608,answer,1124
862,77081390,4358787,comment,406
863,77081390,15703151,answer,51
864,77081390,15703151,answer,51
865,77081390,15703151,question,51
866,32357075,28766698,answer,1
867,32357075,7994269,answer,1785
868,32357075,304270,comment,12425
869,32357075,8250790,answer,1
870,32357075,299014,comment,1246
871,79278007,21402345,answer,1
872,79278007,14575465,question,1
873,75578686,1568740,comment,661
874,75578686,1984604,answer,341
875,75578686,1984604,comment,341
876,75578686,2776597,answer,155
877,75578686,4105440,comment,621
878,75578686,1846392,answer,96
879,75578686,19133920,comment,9514
880,75578686,4105440,question,621
881,37432290,7764014,answer,3716
882,37432290,1446479,answer,3699
883,79278064,10802527,comment,11487
884,79278064,22597591,question,1
885,79276926,15441446,answer,1
886,79276926,23310033,answer,1
887,79276926,23310033,question,1
888,50769226,741789,answer,139
889,50769226,2437625,comment,103
890,50769226,9916317,comment,11
891,50769226,1947216,answer,5197
892,50769226,1475228,comment,18863
893,50769226,112079,comment,32934
894,50769226,9916317,question,11
895,79277807,14394219,answer,483
896,79277807,10707242,question,368
897,19314404,17756708,answer,361
898,79277899,15339842,comment,15
899,79277899,15339842,comment,15
900,79277899,15339842,comment,15
901,79277899,85421,comment,29580
902,79277899,2164365,comment,20877
903,79277899,18120547,answer,84
904,79277899,2026594,comment,428
905,79277899,15339842,question,15
906,60902338,2914140,comment,28638
907,60902338,10353759,comment,76
908,60902338,2914140,comment,28638
909,60902338,10353759,answer,76
910,60902338,5147603,comment,832
911,60902338,11073857,answer,72
912,60902338,10372742,answer,108
913,60902338,13140883,question,31
914,31899301,5207118,comment,301
915,31899301,3992939,accepted_answer,18782
916,31899301,3992939,answer,18782
917,31899301,18157,comment,86703
918,31899301,3998458,answer,2657
919,31899301,446717,comment,2185
920,31899301,5207118,question,301
921,2777005,2763824,comment,543
922,2777005,4725089,comment,541
923,2777005,2763824,answer,543
924,2777005,545127,comment,48476
925,2777005,442639,answer,346
926,2777005,366091,answer,2870
927,2777005,82865,accepted_answer,63582
928,2777005,82865,comment,63582
929,2777005,82865,answer,63582
930,2777005,149808,answer,75386
931,2777005,41767,question,1217
932,79277823,28763390,question,1
933,79277786,1972218,comment,496
934,79277786,721855,comment,25544
935,79277786,28765394,answer,1
936,79277786,28765173,question,11
937,79277266,6584584,answer,378
938,79277266,28754777,question,1
939,41029647,28180789,answer,1
940,41029647,8306031,answer,1
941,79277719,10444191,question,647
942,79277079,10908005,comment,41
943,79277079,10908005,comment,41
944,79277079,9529374,answer,59
945,79277079,10908005,question,41
946,55040296,1553537,question,11022
947,68651921,1108305,answer,20482
948,68651921,1108305,comment,20482
949,68651921,16375479,comment,2917
950,68651921,2513200,comment,6573
951,68651921,16375479,accepted_answer,2917
952,68651921,16375479,comment,2917
953,68651921,3151927,comment,537
954,68651921,3151927,comment,537
955,68651921,16376827,comment,4266
956,68651921,2513200,comment,6573
957,68651921,3151927,comment,537
958,68651921,3151927,comment,537
959,68651921,2513200,comment,6573
960,68651921,2513200,comment,6573
961,68651921,2513200,comment,6573
962,68651921,16375479,comment,2917
963,68651921,2513200,comment,6573
964,68651921,16375479,answer,2917
965,68651921,2513200,comment,6573
966,68651921,6285832,comment,1960
967,79277406,522444,comment,285338
968,79277406,2164365,comment,20877
969,79277406,3114631,answer,1169
970,79277406,85421,comment,29580
971,79277406,85421,comment,29580
972,79277406,23725389,comment,709
973,79277406,28763006,question,1
974,39371994,1230257,comment,12381
975,39371994,1766831,comment,141887
976,39371994,1230257,accepted_answer,12381
977,39371994,1816093,comment,24949
978,39371994,1230257,answer,12381
979,39371994,5883277,question,1527
980,79265156,21998546,answer,3
981,79265156,21998546,comment,3
982,79265156,11758130,comment,191
983,79265156,21998546,question,3
984,5558499,85421,comment,29580
985,5558499,85421,comment,29580
986,5558499,256788,accepted_answer,536
987,5558499,653230,answer,71941
988,5558499,270277,answer,1652
989,5558499,256788,comment,536
990,5558499,629470,comment,416
991,5558499,256788,comment,536
992,5558499,629470,comment,416
993,5558499,256788,comment,536
994,5558499,629470,comment,416
995,5558499,256788,answer,536
996,5558499,629470,question,416
997,79274169,1729265,comment,95503
998,79274169,13593323,answer,23
999,79274169,13593323,question,23
1000,38668689,3558145,answer,5312
1001,38668689,3983967,question,31
1002,18988606,2811995,comment,1
1003,18988606,2812231,comment,33
1004,18988606,2811995,comment,1
1005,18988606,2812231,comment,33
1006,18988606,2811995,answer,1
1007,18988606,2812231,question,33
1008,79275021,72437,question,43858
1009,76076383,2209264,accepted_answer,409
1010,76076383,2209264,answer,409
1011,76076383,2209264,comment,409
1012,76076383,9014097,comment,48553
1013,76076383,9014097,comment,48553
1014,76076383,2209264,question,409
1015,79275043,7013205,answer,1524
1016,79275043,8793446,comment,13
1017,79275043,7013205,comment,1524
1018,79275043,8793446,question,13
1019,44469020,7380827,comment,384
1020,44469020,3941732,comment,4159
1021,44469020,15017829,comment,125
1022,44469020,2523899,comment,898
1023,44469020,20015640,answer,674
1024,79277478,20825245,question,27
1025,22047860,675784,comment,1024
1026,22047860,5657715,comment,563
1027,57231138,19107424,answer,1
1028,57231138,16849415,answer,1
1029,57231138,13274720,answer,1
1030,57231138,6938316,comment,11
1031,57231138,2563754,comment,20569
1032,57231138,3001761,comment,121467
1033,57231138,6938316,question,11
1034,79277348,13226583,answer,111
1035,79277348,22475466,question,26
1036,8341680,1431690,comment,692
1037,8341680,25615362,answer,1
1038,8341680,214720,comment,4916
1039,8341680,629681,comment,1643
1040,8341680,823393,comment,65673
1041,8341680,823393,accepted_answer,65673
1042,8341680,823393,comment,65673
1043,8341680,111988,answer,53627
1044,8341680,823393,answer,65673
1045,8341680,214720,question,4916
1046,79275150,5690745,comment,5
1047,79275150,16376827,comment,4266
1048,79275150,5690745,question,5
1049,34527630,6998825,answer,302
1050,34527630,3212904,answer,1367
1051,34527630,880181,answer,2140
1052,34527630,4452649,comment,1420
1053,34527630,880181,comment,2140
1054,34527630,4452649,question,1420
1055,65136363,85421,comment,29580
1056,65136363,27994093,answer,1
1057,65136363,4472711,comment,268
1058,65136363,14760014,comment,11
1059,65136363,14760014,comment,11
1060,65136363,4472711,comment,268
1061,65136363,14760014,comment,11
1062,65136363,4472711,answer,268
1063,65136363,14760014,comment,11
1064,65136363,14760014,comment,11
1065,65136363,8997916,answer,3456
1066,65136363,768644,answer,101552
1067,65136363,1899640,comment,122992
1068,65136363,3705127,answer,27906
1069,65136363,14760014,question,11
1070,79069781,1086560,answer,2554
1071,79069781,3722765,answer,46
1072,79069781,13866511,accepted_answer,199
1073,79069781,13866511,answer,199
1074,79069781,19783963,unaccepted_answer,356
1075,79069781,150978,comment,42535
1076,79069781,19783963,answer,356
1077,79069781,13866511,comment,199
1078,79069781,150978,comment,42535
1079,79069781,13866511,question,199
1080,77153825,4604579,answer,216914
1081,77153825,3302070,question,11
1082,79276941,6390716,accepted_answer,20
1083,79276941,8543252,comment,435
1084,79276941,8543252,comment,435
1085,79276941,6390716,answer,20
1086,79276941,8543252,question,435
1087,56192105,10955283,answer,1
1088,56192105,1831987,comment,43921
1089,56192105,270371,comment,131088
1090,56192105,1119859,comment,709
1091,56192105,270371,accepted_answer,131088
1092,56192105,270371,answer,131088
1093,56192105,3127812,comment,7971
1094,56192105,1119859,comment,709
1095,56192105,3127812,answer,7971
1096,56192105,1119859,question,709
1097,57754278,28761257,answer,1
1098,57754278,6484159,comment,51
1099,57754278,2140633,answer,2111
1100,57754278,6484159,question,51
1101,79273556,19546048,answer,1080
1102,79273556,3164889,comment,9546
1103,79273556,3316911,comment,77
1104,79273556,3164889,comment,9546
1105,79273556,19546048,comment,1080
1106,79273556,3164889,question,9546
1107,65105082,14747620,answer,43
1108,65105082,14747620,comment,43
1109,65105082,13017474,comment,704
1110,65105082,14747620,comment,43
1111,65105082,13017474,comment,704
1112,65105082,7954021,comment,4660
1113,65105082,13017474,comment,704
1114,65105082,13017474,comment,704
1115,65105082,14747620,comment,43
1116,65105082,1257062,comment,2437
1117,65105082,14747620,comment,43
1118,65105082,13017474,answer,704
1119,65105082,2696260,comment,123736
1120,65105082,14747620,question,43
1121,79274981,25646373,answer,1
1122,79274981,10880357,comment,118
1123,79274981,9577588,question,1
1124,79277056,28760263,question,1
1125,79276842,7028588,answer,1857
1126,79276842,7028588,question,1857
1127,79276094,21975313,comment,29
1128,79276094,25646373,answer,1
1129,79276094,21975313,question,29
1130,67899129,1489121,comment,1144
1131,67899129,1687636,comment,1242
1132,79154250,125487,answer,847
1133,79154250,5664316,question,13
1134,79060815,1729265,comment,95503
1135,79060815,429377,comment,33527
1136,79060815,429377,accepted_answer,33527
1137,79060815,429377,answer,33527
1138,79060815,1729265,comment,95503
1139,79060815,429377,comment,33527
1140,79060815,1729265,comment,95503
1141,79060815,429377,comment,33527
1142,79060815,1729265,comment,95503
1143,79060815,429377,comment,33527
1144,79060815,1729265,comment,95503
1145,79060815,429377,question,33527
1146,40443556,4690866,answer,26234
1147,40443556,1743843,comment,33951
1148,40443556,1743843,comment,33951
1149,40443556,1743843,comment,33951
1150,40443556,24874,comment,310144
1151,40443556,6596346,answer,94
1152,40443556,1743843,question,33951
1153,79100586,28301931,answer,1
1154,79100586,27631608,answer,29
1155,79100586,4720285,answer,1
1156,79100586,26509757,comment,586
1157,79100586,27631608,question,29
1158,79245854,6071138,accepted_answer,68
1159,79245854,6071138,answer,68
1160,79245854,6071138,question,68
1161,59276049,507738,comment,22917
1162,59276049,3025856,comment,7537
1163,59276049,85421,comment,29580
1164,59276049,85421,comment,29580
1165,59276049,8352343,answer,1
1166,59276049,507738,comment,22917
1167,59276049,8567318,answer,251
1168,59276049,642706,comment,335891
1169,59276049,10765057,answer,21
1170,59276049,1746118,accepted_answer,31550
1171,59276049,2684196,comment,8184
1172,17729384,22356936,answer,1
1173,17729384,2299235,answer,151
1174,70986751,28750901,answer,1
1175,70986751,2494262,comment,20718
1176,70986751,921224,comment,5138
1177,70986751,921224,comment,5138
1178,70986751,23241576,answer,1
1179,70986751,22661160,answer,1
1180,70986751,11250492,answer,180
1181,70986751,2494262,answer,20718
1182,70986751,7208148,answer,295
1183,79276874,12284152,question,43
1184,2715118,28745718,answer,1
1185,79276931,19557426,question,13
1186,32824823,11640603,comment,510
1187,32824823,381897,comment,6642
1188,32824823,3174737,comment,45
1189,32824823,3174737,comment,45
1190,32824823,381897,answer,6642
1191,32824823,3514736,answer,3775
1192,32824823,3174737,comment,45
1193,32824823,3174737,comment,45
1194,32824823,1226354,comment,9781
1195,32824823,1291150,comment,34696
1196,32824823,3174737,question,45
1197,40729817,10223664,answer,1
1198,40729817,7191405,question,71
1199,79276622,26124698,comment,67
1200,79276622,768644,comment,101552
1201,79276622,27905,comment,19973
1202,79276622,2670892,comment,111025
1203,79276622,26124698,question,67
1204,46292095,7495764,answer,29
1205,46292095,3832031,comment,397
1206,46292095,997605,comment,79
1207,46292095,12229372,comment,314
1208,74319252,2906425,answer,109
1209,74319252,2711488,comment,297375
1210,74319252,2711488,answer,297375
1211,74319252,3074564,comment,48774
1212,74319252,2711488,comment,297375
1213,74319252,16376827,comment,4266
1214,74319252,9747687,question,21
1215,79276552,10461625,question,4792
1216,79276710,642706,comment,335891
1217,79276710,466862,comment,108489
1218,79276710,466862,comment,108489
1219,79276710,5369219,question,69
1220,79276687,1748450,question,20543
1221,68642780,1108305,answer,20482
1222,68642780,3889782,comment,109
1223,68642780,9513184,comment,88576
1224,68642780,3889782,comment,109
1225,68642780,9513184,accepted_answer,88576
1226,68642780,9513184,answer,88576
1227,68642780,7212686,comment,54128
1228,68642780,3889782,question,109
1229,72299724,5019386,comment,31425
1230,72299724,10925031,comment,51
1231,72299724,10264145,comment,13
1232,72299724,10264145,comment,13
1233,72299724,5019386,accepted_answer,31425
1234,72299724,5019386,answer,31425
1235,72299724,10264145,comment,13
1236,72299724,10264145,comment,13
1237,72299724,4571544,comment,7627
1238,72299724,207421,comment,310521
1239,72299724,10264145,question,13
1240,79276615,28758327,question,1
1241,79276548,19045208,comment,65
1242,79276548,53444,answer,20702
1243,79276548,19045208,question,65
1244,42627779,207421,comment,310521
1245,42627779,7666833,answer,21
1246,42627779,7534997,comment,5
1247,42627779,2067492,comment,12226
1248,42627779,7534997,answer,5
1249,42627779,5473520,comment,436
1250,42627779,1831987,comment,43921
1251,42627779,1147141,comment,1426
1252,42627779,7666833,comment,21
1253,42627779,7666833,question,21
1254,8587096,574263,comment,2477
1255,79271352,1031689,answer,15825
1256,79271352,12830894,question,21
1257,77511739,839733,comment,24243
1258,77511739,839733,comment,24243
1259,77511739,1431016,answer,8989
1260,77511739,4995390,comment,113
1261,77511739,1082681,comment,66969
1262,77511739,421049,comment,21136
1263,77511739,1082681,comment,66969
1264,77511739,1481345,answer,1980
1265,77511739,472495,comment,20392
1266,77511739,421049,comment,21136
1267,77511739,472495,comment,20392
1268,77511739,472495,comment,20392
1269,77511739,421049,comment,21136
1270,77511739,472495,comment,20392
1271,77511739,421049,question,21136
1272,79276516,12331479,comment,21
1273,79276516,143475,comment,57884
1274,79276516,12331479,question,21
1275,79276535,10461625,question,4792
1276,44772011,507738,accepted_answer,22917
1277,44772011,507738,answer,22917
1278,44772011,8125387,comment,319
1279,44772011,4686676,answer,1137
1280,44772011,6288059,comment,370
1281,44772011,5994074,comment,689
1282,44772011,6288059,comment,370
1283,44772011,1270789,comment,14996
1284,79276481,8949066,question,441
1285,79276503,496099,comment,21080
1286,79276503,2402272,comment,178224
1287,79276503,2402272,comment,178224
1288,79276503,10628833,comment,1608
1289,79276503,10628833,comment,1608
1290,79276503,3114631,comment,1169
1291,79276503,2402272,comment,178224
1292,79276503,2402272,comment,178224
1293,79276503,10628833,question,1608
1294,79276492,28754057,question,11
1295,16653519,18454062,answer,1
1296,16653519,383861,answer,148899
1297,16653519,2402327,question,41
1298,79276272,28756690,question,1
1299,79275085,7769052,accepted_answer,4913
1300,79275085,7769052,answer,4913
1301,79275085,10625438,question,113
1302,79275902,6746785,accepted_answer,3226
1303,79275902,6746785,answer,3226
1304,79275902,12850093,comment,13
1305,79275902,12850093,comment,13
1306,79275902,131872,comment,323878
1307,79275902,12850093,comment,13
1308,79275902,2711488,comment,297375
1309,79275902,131872,comment,323878
1310,79275902,2711488,comment,297375
1311,79275902,2711488,comment,297375
1312,79275902,85421,comment,29580
1313,79275902,2711488,comment,297375
1314,79275902,85421,comment,29580
1315,79275902,12850093,question,13
1316,79276368,3825421,question,417
1317,5193786,36498,comment,19284
1318,79228874,1340183,answer,6208
1319,79228874,25572326,question,5
1320,79276025,12092416,comment,603
1321,79276025,335638,answer,27438
1322,79276025,12092416,comment,603
1323,79276025,335638,comment,27438
1324,79276025,12092416,question,603
1325,73603358,5468701,comment,2689
1326,73603358,1108305,accepted_answer,20482
1327,73603358,1108305,answer,20482
1328,73603358,642706,answer,335891
1329,73603358,12567365,comment,21809
1330,73603358,18157,comment,86703
1331,79273069,2401856,comment,570
1332,79273069,406429,answer,57054
1333,79273069,2401856,question,570
1334,79270874,1031689,answer,15825
1335,79270874,12830894,question,21
1336,56479242,516433,answer,14797
1337,56479242,1527244,answer,2250
1338,56479242,1148977,answer,13
1339,56479242,7999311,comment,1416
1340,56479242,2356160,question,3290
1341,79276271,2166798,comment,19823
1342,79276271,2166798,comment,19823
1343,79276271,28401970,comment,11
1344,79276271,2166798,comment,19823
1345,79276271,28401970,question,11
1346,7756456,1015327,answer,12580
1347,7756456,20394,accepted_answer,120285
1348,7756456,159658,comment,19523
1349,7756456,53897,comment,75266
1350,7756456,159658,comment,19523
1351,7756456,377978,comment,1392
1352,7756456,159658,comment,19523
1353,7756456,259747,answer,10225
1354,7756456,369310,answer,21124
1355,7756456,159658,comment,19523
1356,7756456,20394,answer,120285
1357,7756456,53897,comment,75266
1358,7756456,159658,question,19523
1359,79270426,21884343,answer,31
1360,79270426,296328,comment,97050
1361,79270426,21884343,comment,31
1362,79270426,296328,comment,97050
1363,79270426,21884343,question,31
1364,72658327,13109074,answer,1104
1365,72658327,12844632,comment,5591
1366,72658327,656754,question,6851
1367,7525969,57695,accepted_answer,532979
1368,7525969,755588,comment,1277
1369,7525969,40342,comment,307720
1370,7525969,57695,comment,532979
1371,7525969,57695,comment,532979
1372,7525969,813951,comment,28128
1373,7525969,221965,comment,1716
1374,7525969,40342,comment,307720
1375,7525969,57695,answer,532979
1376,7525969,755588,question,1277
1377,75056046,28756346,answer,1
1378,75056046,19885064,comment,61
1379,75056046,3915431,answer,61702
1380,75056046,19885064,question,61
1381,7689386,103154,accepted_answer,242526
1382,7689386,627411,comment,1522
1383,7689386,302139,comment,70819
1384,7689386,302139,comment,70819
1385,7689386,627411,comment,1522
1386,7689386,627411,comment,1522
1387,7689386,627411,comment,1522
1388,7689386,685923,answer,15680
1389,79276084,2317153,question,73
1390,79275552,28753467,question,1
1391,79276037,4032703,comment,12162
1392,79276037,123802,comment,6856
1393,79276037,4032703,question,12162
1394,79207199,1874012,answer,2847
1395,79207199,13061224,comment,8960
1396,79207199,466862,comment,108489
1397,79207199,66686,answer,81602
1398,79207199,466862,comment,108489
1399,79207199,20629378,question,117
1400,79266548,3680198,answer,1566
1401,79266548,3680198,comment,1566
1402,79266548,20266286,question,21
1403,55494070,4551951,comment,547
1404,55494070,5749062,answer,2828
1405,55494070,5749062,comment,2828
1406,55494070,7267260,comment,77
1407,55494070,7267260,comment,77
1408,55494070,4551951,comment,547
1409,55494070,4551951,comment,547
1410,55494070,4551951,comment,547
1411,55494070,4551951,comment,547
1412,55494070,4551951,comment,547
1413,55494070,5749062,comment,2828
1414,55494070,7267260,answer,77
1415,55494070,5749062,comment,2828
1416,55494070,5168011,comment,50547
1417,55494070,7429447,answer,192605
1418,55494070,4551951,question,547
1419,79244149,28588012,comment,1
1420,79244149,19978672,answer,46
1421,79244149,2386774,comment,25132
1422,79244149,28588012,comment,1
1423,79244149,2386774,comment,25132
1424,79244149,28588012,question,1
1425,79275935,167745,comment,18224
1426,79275935,3716204,comment,337
1427,79275935,167745,comment,18224
1428,79275935,3716204,comment,337
1429,79275935,167745,comment,18224
1430,79275935,3716204,question,337
1431,52272840,10346533,comment,1
1432,52272840,2827181,comment,3258
1433,52272840,10346533,comment,1
1434,52272840,2827181,comment,3258
1435,52272840,10346533,question,1
1436,60502811,138969,comment,1024
1437,60502811,1526443,comment,787
1438,60502811,3535537,comment,11844
1439,60502811,1526443,answer,787
1440,60502811,2711606,comment,459
1441,60502811,57033,comment,1542
1442,60502811,2711606,comment,459
1443,60502811,5614823,answer,548
1444,60502811,5468701,answer,2689
1445,68568234,9551861,answer,325
1446,68568234,809289,comment,853
1447,68568234,4121585,comment,584
1448,68568234,10192987,answer,45
1449,68568234,10511066,answer,151
1450,68568234,10511066,question,151
1451,75462076,3025856,comment,7537
1452,75462076,9046591,accepted_answer,33
1453,75462076,9046591,answer,33
1454,75462076,9046591,comment,33
1455,75462076,29470,comment,9392
1456,75462076,6708591,comment,356
1457,75462076,9046591,question,33
1458,79275809,150978,comment,42535
1459,79275809,3509916,comment,173
1460,79275809,150978,comment,42535
1461,79275809,3509916,question,173
1462,35278875,6088275,answer,98
1463,35278875,3831316,comment,632
1464,35278875,4171886,comment,134
1465,35278875,5900301,answer,111
1466,35278875,5900301,comment,111
1467,35278875,93448,answer,72828
1468,35278875,5900301,question,111
1469,79275723,7233978,question,751
1470,17124754,254477,answer,18941
1471,17124754,1185262,accepted_answer,7182
1472,17124754,53897,comment,75266
1473,17124754,1185262,answer,7182
1474,17124754,1362157,comment,983
1475,17124754,1362157,comment,983
1476,73172864,242042,comment,40915
1477,73172864,2739334,answer,2217
1478,73172864,242042,comment,40915
1479,73172864,20390023,comment,922
1480,73172864,242042,question,40915
1481,50213523,3025856,comment,7537
1482,50213523,28754248,answer,1
1483,50213523,9365518,accepted_answer,1
1484,50213523,9365518,answer,1
1485,50213523,4815718,comment,38249
1486,50213523,9365518,comment,1
1487,50213523,9365518,comment,1
1488,50213523,4815718,comment,38249
1489,50213523,5832311,answer,13461
1490,50213523,9365518,question,1
1491,79258968,21000807,answer,31
1492,79258968,8454156,question,208
1493,79272152,4832118,accepted_answer,92
1494,79272152,4832118,answer,92
1495,79272152,4832118,comment,92
1496,79272152,10884042,answer,31
1497,79272152,4832118,question,92
1498,79269719,5169526,answer,1
1499,79269719,5169526,comment,1
1500,79269719,5169526,comment,1
1501,79269719,2868801,answer,38611
1502,79269719,238704,comment,41900
1503,79269719,5169526,question,1
1504,79275554,28749425,question,11
1505,79275535,25260101,comment,712
1506,79275535,4712734,comment,14792
1507,79275535,1394729,comment,15188
1508,79275535,775806,comment,119512
1509,79275535,1268208,comment,92
1510,79275535,775806,comment,119512
1511,79275535,1268208,question,92
1512,79274465,424903,comment,5299
1513,79274465,10960565,comment,75
1514,79274465,424903,comment,5299
1515,79274465,496099,comment,21080
1516,79274465,10960565,question,75
1517,79275519,424903,comment,5299
1518,79275519,13390200,question,67
1519,47780585,3025856,comment,7537
1520,47780585,23227858,answer,1
1521,47780585,1045142,accepted_answer,35943
1522,47780585,1045142,answer,35943
1523,47780585,1045142,comment,35943
1524,47780585,571407,comment,690875
1525,47780585,4529796,question,585
1526,79274795,28749720,question,11
1527,79275288,14072498,accepted_answer,9483
1528,79275288,14072498,answer,9483
1529,79275288,4952262,question,5689
1530,79275421,424903,comment,5299
1531,79275421,28752605,comment,11
1532,79275421,424903,comment,5299
1533,79275421,2696260,comment,123736
1534,79275421,28752605,question,11
1535,79267440,466862,comment,108489
1536,79267440,5389997,comment,34227
1537,79267440,466862,comment,108489
1538,79267440,466862,comment,108489
1539,79267440,24809007,question,9
1540,69375468,100912,answer,2060
1541,79275359,150978,comment,42535
1542,79275359,12136425,question,1
1543,19163291,3641057,answer,139
1544,19163291,7016052,comment,2265
1545,79275227,5947043,comment,61207
1546,79275227,5947043,comment,61207
1547,79275227,5947043,comment,61207
1548,79275227,721855,comment,25544
1549,79275227,133203,comment,27089
1550,79275227,10352638,comment,170
1551,79275227,133203,comment,27089
1552,79275227,133203,comment,27089
1553,79275227,133203,comment,27089
1554,79275227,10352638,question,170
1555,79275351,1319039,question,715
1556,76946275,12732187,answer,696
1557,76946275,9248399,answer,137
1558,76946275,117839,comment,21174
1559,76946275,1023341,answer,1366
1560,76946275,10026074,comment,8012
1561,76946275,22222503,comment,161
1562,76946275,22222503,comment,161
1563,76946275,22222503,question,161
1564,76380976,984823,comment,109344
1565,76380976,10209703,answer,129
1566,76380976,13770795,comment,3
1567,76380976,12844632,comment,5591
1568,76380976,7674438,comment,1848
1569,76380976,13770795,question,3
1570,79275181,2711488,comment,297375
1571,79275181,2164365,comment,20877
1572,79275181,300257,comment,51290
1573,79275181,27261123,question,153
1574,6390810,5375923,answer,52
1575,6390810,9973101,comment,157
1576,6390810,11499971,comment,1596
1577,60158172,28257181,answer,1
1578,60158172,4112366,answer,1
1579,60158172,1425564,comment,971
1580,60158172,3945473,answer,11946
1581,60158172,12874769,comment,21
1582,60158172,12874769,comment,21
1583,60158172,4889267,comment,9803
1584,60158172,4889267,comment,9803
1585,60158172,4889267,answer,9803
1586,60158172,4889267,comment,9803
1587,60158172,12874769,question,21
1588,79275069,10149027,comment,365
1589,79275069,2696260,comment,123736
1590,79275069,10149027,comment,365
1591,79275069,2696260,comment,123736
1592,79275069,10149027,question,365
1593,52771309,5101185,answer,71
1594,52771309,19845073,answer,1
1595,52771309,5706763,comment,348
1596,52771309,2220759,comment,1094
1597,79272299,11748454,accepted_answer,15939
1598,79272299,11748454,answer,15939
1599,79272299,967330,comment,15002
1600,79272299,11748454,comment,15939
1601,79272299,967330,question,15002
1602,79272669,10928439,comment,5903
1603,79272669,1359765,question,3797
1604,72592615,9727982,answer,70
1605,72592615,19324220,answer,1
1606,72592615,19324220,question,1
1607,79274857,7585450,question,55
1608,28698031,921684,comment,1287
1609,28698031,565129,answer,138
1610,28698031,3632201,answer,21
1611,28698031,268734,comment,577
1612,28698031,1189885,comment,77078
1613,28698031,1189885,comment,77078
1614,28698031,268734,question,577
1615,79227718,548225,accepted_answer,783352
1616,79227718,548225,answer,783352
1617,79227718,474642,comment,127
1618,79227718,13840270,answer,1792
1619,79227718,20882864,comment,235
1620,79227718,548225,comment,783352
1621,79227718,548225,comment,783352
1622,79227718,5424988,comment,162842
1623,79227718,1762224,comment,48382
1624,79227718,474642,question,127
1625,44446312,4501804,accepted_answer,15287
1626,44446312,4501804,answer,15287
1627,44446312,244360,question,9466
1628,79271274,20924819,question,11
1629,79274927,2386774,comment,25132
1630,79274927,4338553,question,552
1631,68044249,2141091,comment,3947
1632,68044249,2000323,accepted_answer,16261
1633,68044249,2000323,comment,16261
1634,68044249,5198805,comment,1957
1635,68044249,2000323,answer,16261
1636,68044249,5198805,question,1957
1637,77712617,23153414,answer,21
1638,77712617,23083229,comment,41
1639,77712617,23153414,comment,21
1640,77712617,23083229,answer,41
1641,77712617,12121419,comment,9252
1642,77712617,23153414,comment,21
1643,77712617,12121419,comment,9252
1644,77712617,23153414,question,21
1645,79273853,28740979,question,1
1646,58349787,1097600,answer,10200
1647,58349787,3326013,answer,1
1648,58349787,1892584,comment,1720
1649,58349787,396483,comment,6605
1650,58349787,2618587,answer,139
1651,58349787,12203675,answer,181
1652,58349787,3708175,comment,1337
1653,58349787,12203675,comment,181
1654,58349787,3708175,comment,1337
1655,58349787,12203675,question,181
1656,75805590,15479240,comment,11
1657,75805590,15479240,answer,11
1658,75805590,5523033,comment,1216
1659,75805590,15479240,question,11
1660,59815677,4425643,comment,2178
1661,59815677,374601,comment,4629
1662,59815677,734744,answer,1412
1663,59815677,734744,comment,1412
1664,59815677,4425643,answer,2178
1665,59815677,4609621,comment,1573
1666,59815677,12744384,question,1
1667,79124276,12732187,answer,696
1668,79124276,10871900,comment,15957
1669,79124276,83952,comment,15522
1670,79124276,642706,comment,335891
1671,79124276,5646962,comment,21320
1672,79124276,6395627,comment,45278
1673,79124276,27975705,question,51
1674,12574414,4211947,answer,2696
1675,12574414,2320751,answer,25
1676,12574414,8963778,comment,361
1677,12574414,5771669,answer,3593
1678,37764278,80901,comment,36594
1679,37764278,5016540,accepted_answer,1642
1680,37764278,6453546,comment,73
1681,37764278,5016540,answer,1642
1682,37764278,6453546,comment,73
1683,37764278,6243024,comment,5423
1684,37764278,964243,comment,49819
1685,37764278,6243024,comment,5423
1686,37764278,6453546,question,73
1687,79274536,16106144,question,41
1688,79267276,1554195,comment,3957
1689,79267276,971355,comment,3069
1690,79267276,1554195,answer,3957
1691,79267276,971355,question,3069
1692,8603546,632361,answer,454
1693,8603546,361703,comment,7521
1694,8603546,2114871,comment,16105
1695,8603546,361703,comment,7521
1696,8603546,2114871,comment,16105
1697,8603546,168212,comment,19101
1698,8603546,1354879,answer,6046
1699,8603546,361703,answer,7521
1700,8603546,318921,comment,23928
1701,8603546,411846,answer,15842
1702,79274373,338249,comment,11778
1703,79274373,323069,question,720
1704,10742322,9047589,comment,3385
1705,10742322,21144042,comment,2387
1706,10742322,19456717,answer,1
1707,10742322,11900025,answer,101
1708,10742322,1462295,comment,4929
1709,10742322,10062580,answer,442
1710,10742322,234593,comment,16627
1711,10742322,1163490,comment,716
1712,10742322,234593,answer,16627
1713,49289120,9443618,accepted_answer,2392
1714,49289120,108207,unaccepted_answer,26634
1715,49289120,9443618,unaccepted_answer,2392
1716,49289120,9443618,answer,2392
1717,49289120,108207,answer,26634
1718,49289120,9292861,question,83
1719,49708842,3982755,comment,9716
1720,49708842,6931119,answer,10437
1721,49708842,6931119,comment,10437
1722,49708842,3982755,comment,9716
1723,49708842,9443618,comment,2392
1724,49708842,3982755,comment,9716
1725,49708842,9443618,comment,2392
1726,49708842,3982755,comment,9716
1727,49708842,9443618,comment,2392
1728,49708842,9443618,comment,2392
1729,49708842,3982755,comment,9716
1730,49708842,1225882,comment,5397
1731,49708842,7112623,comment,181
1732,79274427,133203,comment,27089
1733,79274427,2723001,question,2036
1734,49469921,9443618,comment,2392
1735,49469921,239101,comment,9076
1736,49469921,9443618,answer,2392
1737,49469921,9510507,comment,139
1738,49469921,6934394,comment,134
1739,49469921,2717954,comment,1882
1740,49469921,6934394,question,134
1741,52954675,22738127,answer,9
1742,52954675,10516589,comment,41
1743,52954675,10402819,accepted_answer,1410
1744,52954675,7529335,comment,429
1745,52954675,10402819,answer,1410
1746,52954675,10516589,comment,41
1747,52954675,6650475,comment,2741
1748,52954675,7529335,answer,429
1749,52954675,10516589,question,41
1750,48695218,3008923,question,3467
1751,79272744,2189127,comment,208679
1752,79272744,642706,comment,335891
1753,79272744,2189127,comment,208679
1754,79272744,1928525,comment,761
1755,79272744,2189127,comment,208679
1756,79272744,2423906,comment,13710
1757,79272744,1928525,question,761
1758,79255118,12103702,comment,15
1759,79255118,11402059,answer,151
1760,79255118,2696260,comment,123736
1761,79255118,12103702,comment,15
1762,79255118,2696260,comment,123736
1763,79255118,12103702,comment,15
1764,79255118,2696260,comment,123736
1765,79255118,12103702,question,15
1766,79271869,17547033,comment,1150
1767,79271869,8564731,comment,3163
1768,79271869,17547033,comment,1150
1769,79271869,8564731,comment,3163
1770,79271869,4616087,comment,14135
1771,79271869,17547033,question,1150
1772,78115995,7079452,answer,221
1773,78115995,21099631,answer,51
1774,78115995,3894304,comment,1019
1775,78115995,23595824,answer,1
1776,78115995,4858687,answer,446
1777,78115995,22758142,question,21
1778,79274285,28746037,question,1
1779,79047404,20561885,question,606
1780,79274205,18764743,question,175
1781,26388465,17749481,answer,1
1782,26388465,2652883,comment,2569
1783,26388465,3878472,answer,586
1784,26388465,2652883,comment,2569
1785,26388465,1846516,accepted_answer,1931
1786,26388465,2652883,comment,2569
1787,26388465,2652883,comment,2569
1788,26388465,2728815,comment,948
1789,26388465,2652883,comment,2569
1790,26388465,2652883,comment,2569
1791,26388465,3430807,comment,5093
1792,26388465,3430807,comment,5093
1793,26388465,3430807,comment,5093
1794,26388465,1846516,answer,1931
1795,26388465,3430807,comment,5093
1796,26388465,2652883,question,2569
1797,55106525,11597278,answer,61
1798,55106525,9496577,question,51
1799,34286091,5658493,comment,22
1800,34286091,1987598,comment,22607
1801,34286091,5681412,comment,1
1802,34286091,5681412,comment,1
1803,34286091,4856814,answer,3917
1804,34286091,5658493,answer,22
1805,34286091,3785697,comment,848
1806,34286091,4213132,comment,5376
1807,34286091,5681412,question,1
1808,79257675,3054099,comment,303
1809,79257675,2846138,comment,5000
1810,79257675,3054099,question,303
1811,63860999,868309,answer,61
1812,63860999,868309,question,61
1813,31602425,1108305,comment,20482
1814,31602425,1108305,comment,20482
1815,31602425,85421,comment,29580
1816,31602425,1108305,comment,20482
1817,31602425,1108305,comment,20482
1818,31602425,1108305,comment,20482
1819,31602425,1108305,answer,20482
1820,31602425,1108305,answer,20482
1821,68911336,1108305,answer,20482
1822,68911336,8252019,comment,1
1823,68911336,6670491,comment,1193
1824,68911336,869736,comment,197507
1825,68911336,1553537,answer,11022
1826,68911336,8252019,answer,1
1827,68911336,5176992,comment,16465
1828,68911336,3656904,answer,20173
1829,68911336,15493760,question,115
1830,79271811,5669584,comment,558
1831,79271811,28447954,answer,536
1832,79271811,5669584,question,558
1833,58375169,3025856,comment,7537
1834,58375169,18223746,answer,1
1835,58375169,21383262,comment,1
1836,58375169,21383262,answer,1
1837,58375169,4232523,answer,639
1838,58375169,7496439,question,191
1839,79273749,8288240,question,1
1840,79273739,2696260,comment,123736
1841,79273739,8559309,question,139
1842,35961224,4917881,comment,2183
1843,35961224,173149,answer,48531
1844,35961224,4917881,comment,2183
1845,35961224,4917881,answer,2183
1846,35961224,4917881,comment,2183
1847,35961224,4509268,question,7139
1848,53577042,17830956,answer,289
1849,53577042,2425513,comment,2400
1850,53577042,1970299,comment,3753
1851,53577042,5408955,comment,454
1852,53577042,1970299,accepted_answer,3753
1853,53577042,1970299,comment,3753
1854,53577042,1970299,answer,3753
1855,53577042,5408955,comment,454
1856,53577042,1970299,comment,3753
1857,53577042,5408955,comment,454
1858,53577042,1970299,comment,3753
1859,53577042,5408955,comment,454
1860,79273686,22324209,comment,345
1861,79273686,4401901,question,476
1862,79271443,768644,accepted_answer,101552
1863,79271443,10026074,comment,8012
1864,79271443,13969814,comment,158
1865,79271443,768644,answer,101552
1866,79271443,2711488,comment,297375
1867,79271443,214525,comment,11834
1868,79271443,13969814,question,158
1869,63254537,3289590,comment,8526
1870,63254537,3289590,answer,8526
1871,63254537,13160643,comment,35
1872,63254537,528481,accepted_answer,5814
1873,63254537,13160643,comment,35
1874,63254537,13160643,comment,35
1875,63254537,13160643,comment,35
1876,63254537,1729265,comment,95503
1877,63254537,528481,answer,5814
1878,63254537,1729265,comment,95503
1879,63254537,13160643,comment,35
1880,63254537,2180785,comment,11113
1881,63254537,13160643,comment,35
1882,63254537,2180785,comment,11113
1883,63254537,13160643,question,35
1884,58381939,12093573,answer,21
1885,58381939,3824919,comment,17507
1886,58381939,11307189,comment,612
1887,58381939,3199595,answer,30183
1888,58381939,4762502,answer,4582
1889,58381939,7608402,answer,51
1890,58381939,3824919,comment,17507
1891,58381939,11307189,answer,612
1892,58381939,11307189,comment,612
1893,58381939,11450043,question,1
1894,79272616,642706,comment,335891
1895,79272616,527387,comment,1877
1896,79272616,527387,comment,1877
1897,79272616,2641377,comment,89
1898,79272616,14019208,answer,1
1899,79272616,527387,question,1877
1900,56010986,28742039,answer,1
1901,56010986,2688406,accepted_answer,66
1902,56010986,2688406,answer,66
1903,56010986,11255724,question,27
1904,19477767,217019,comment,15141
1905,19477767,129570,comment,272109
1906,19477767,2344584,comment,32978
1907,19477767,217019,answer,15141
1908,19477767,2854621,question,435
1909,11536934,6744708,comment,414
1910,11536934,872803,comment,1264
1911,11536934,1520739,comment,598
1912,11536934,45664,accepted_answer,103737
1913,11536934,1261166,answer,4506
1914,11536934,45664,answer,103737
1915,11536934,1523110,answer,148
1916,11536934,1343161,comment,46181
1917,59353985,1428436,comment,95
1918,59353985,1491439,answer,7573
1919,59353985,12449871,answer,21
1920,59353985,7746398,comment,2956
1921,59353985,1173638,comment,5858
1922,59353985,7126754,question,21
1923,79269978,376263,question,847
1924,79025147,5295429,answer,13325
1925,79025147,4756299,comment,1
1926,79025147,1653225,comment,3168
1927,79025147,4756299,comment,1
1928,79025147,1653225,comment,3168
1929,79025147,721855,comment,25544
1930,79025147,1653225,question,3168
1931,79255247,3784352,answer,165
1932,79255247,3784352,question,165
1933,7243221,101095,answer,17894
1934,7243221,144746,comment,30126
1935,7243221,722349,comment,153
1936,7243221,40342,accepted_answer,307720
1937,7243221,40342,comment,307720
1938,7243221,722349,comment,153
1939,7243221,722349,comment,153
1940,7243221,40342,answer,307720
1941,7243221,276052,comment,420381
1942,7243221,40342,comment,307720
1943,7243221,722349,question,153
1944,36711819,721666,answer,4818
1945,36711819,10342912,comment,425
1946,36711819,6215069,answer,3870
1947,36711819,911419,comment,10551
1948,36711819,1251787,comment,2230
1949,36711819,2440340,answer,1183
1950,36711819,1251787,question,2230
1951,6927424,1610553,comment,1664
1952,6927424,57695,accepted_answer,532979
1953,6927424,820127,answer,15635
1954,6927424,25338,answer,10578
1955,6927424,57695,answer,532979
1956,6927424,855954,comment,1808
1957,6927424,131433,answer,99757
1958,6927424,12631,question,24377
1959,72885045,19167671,answer,21
1960,72885045,598289,comment,24780
1961,72885045,5454842,accepted_answer,6098
1962,72885045,5454842,answer,6098
1963,72885045,598289,comment,24780
1964,72885045,5454842,comment,6098
1965,72885045,598289,question,24780
1966,79273176,7891541,comment,11
1967,79273176,5176992,answer,16465
1968,79273176,7891541,question,11
1969,65684250,1647855,answer,167
1970,65684250,5030597,answer,956
1971,65684250,2982299,comment,156
1972,65684250,4437909,comment,1910
1973,65684250,2982299,question,156
1974,79208840,384137,question,3321
1975,79268954,529630,comment,40222
1976,79268954,9351690,question,59
1977,79272984,16376827,comment,4266
1978,79272984,1207289,comment,3243
1979,79272984,85421,comment,29580
1980,79272984,1207289,comment,3243
1981,79272984,85421,comment,29580
1982,79272984,1207289,comment,3243
1983,79272984,85421,comment,29580
1984,79272984,16376827,comment,4266
1985,79272984,1207289,comment,3243
1986,79272984,984823,comment,109344
1987,79272984,1707427,comment,2435
1988,79272984,1207289,comment,3243
1989,79272984,1707427,comment,2435
1990,79272984,1207289,comment,3243
1991,79272984,6395627,comment,45278
1992,79272984,522444,comment,285338
1993,79272984,1207289,question,3243
1994,45585665,1861514,answer,36
1995,45585665,4522512,comment,3067
1996,45585665,2587435,comment,208674
1997,45585665,2587435,comment,208674
1998,45585665,4522512,comment,3067
1999,45585665,2587435,comment,208674
2000,45585665,4522512,question,3067
2001,28671579,3130593,answer,1464
2002,28671579,4544889,comment,11
2003,28671579,3210257,comment,6104
2004,28671579,4544889,question,11
2005,79269702,4106573,answer,79
2006,79269702,4106573,comment,79
2007,79269702,115145,comment,1005147
2008,79269702,4106573,comment,79
2009,79269702,4106573,comment,79
2010,79269702,115145,comment,1005147
2011,79269702,4106573,question,79
2012,31622573,2255089,comment,89414
2013,31622573,2255089,accepted_answer,89414
2014,31622573,1265182,comment,9031
2015,31622573,2255089,answer,89414
2016,31622573,1265182,comment,9031
2017,31622573,683524,comment,1215
2018,31622573,1265182,answer,9031
2019,31622573,4367864,comment,6078
2020,31622573,683524,comment,1215
2021,31622573,4367864,comment,6078
2022,31622573,683524,comment,1215
2023,79271409,6216216,comment,13498
2024,79271409,7723492,comment,181
2025,79271409,6216216,comment,13498
2026,79271409,22612960,question,1
2027,79270529,2308683,comment,191181
2028,79270529,3942422,question,87
2029,6343166,624814,answer,11646
2030,7487526,4180447,comment,900
2031,7487526,8886529,comment,1028
2032,7487526,4180447,comment,900
2033,7487526,20165187,answer,1
2034,7487526,1598568,comment,1422
2035,7487526,8886529,answer,1028
2036,7160568,15590025,answer,23
2037,79272846,642706,comment,335891
2038,79272846,27948642,question,11
2039,79266280,1577029,question,29
2040,79273056,4398851,question,591
2041,78418266,1005481,answer,17425
2042,78418266,1753273,question,594
2043,14925073,2657515,comment,2722
2044,14925073,9135863,comment,548
2045,79272925,5304027,comment,29
2046,79272925,13316584,comment,123
2047,79272925,5304027,question,29
2048,79272933,2696260,comment,123736
2049,79272933,718590,comment,1741
2050,79272933,9463327,question,11
2051,14390577,6423204,answer,11
2052,14390577,117783,comment,18736
2053,14390577,1270865,comment,5171
2054,79272912,928919,question,49
2055,15001570,2411594,comment,909
2056,15001570,1498853,answer,1
2057,15001570,3094723,answer,111
2058,15001570,2104172,answer,184
2059,15001570,1663135,comment,1121
2060,15001570,289396,comment,31371
2061,15001570,1663135,question,1121
2062,79272878,4725089,comment,541
2063,79272878,4725089,comment,541
2064,79272878,2402272,comment,178224
2065,79272878,4725089,comment,541
2066,79272878,2402272,comment,178224
2067,79272878,2402272,comment,178224
2068,79272878,4725089,question,541
2069,6484644,816566,comment,1614
2070,6484644,1037626,comment,2388
2071,6484644,532070,accepted_answer,1573
2072,6484644,532070,answer,1573
2073,6484644,543220,question,7317
2074,79272855,6216216,comment,13498
2075,79272855,25709305,question,1
2076,79265710,10461625,question,4792
2077,79250646,20977270,accepted_answer,430
2078,79250646,1510155,comment,494
2079,79250646,20977270,answer,430
2080,79250646,307297,comment,12231
2081,79250646,1510155,comment,494
2082,79250646,307297,question,12231
2083,79037559,20502571,question,71
2084,77337343,3825421,comment,417
2085,77337343,3825421,answer,417
2086,77337343,986800,comment,69
2087,77337343,23264202,answer,111
2088,30761253,2700303,answer,15073
2089,79272781,22894892,comment,2748
2090,79272781,24244685,question,1
2091,79272759,27905,comment,19973
2092,79272759,28721244,question,1
2093,79272745,11253396,question,41
2094,79272711,17769250,question,15
2095,79272657,5043481,comment,3233
2096,79272657,13112706,question,31
2097,3214448,593146,answer,3232
2098,3214448,2075524,comment,8257
2099,3214448,1219213,comment,1545
2100,3214448,3358126,comment,1557
2101,79272324,2756547,accepted_answer,120708
2102,79272324,2756547,answer,120708
2103,79272324,6918367,question,27
2104,79272599,7625197,question,164
2105,59021432,642706,comment,335891
2106,59021432,10740546,comment,13
2107,59021432,10740546,comment,13
2108,59021432,11226302,answer,1656
2109,59021432,642706,comment,335891
2110,59021432,10740546,question,13
2111,79272495,1342614,answer,1766
2112,79272495,1342614,question,1766
2113,79271530,22746551,comment,23
2114,79271530,22746551,comment,23
2115,79271530,4415625,accepted_answer,6515
2116,79271530,2711488,comment,297375
2117,79271530,2711488,comment,297375
2118,79271530,22746551,comment,23
2119,79271530,22746551,comment,23
2120,79271530,2711488,comment,297375
2121,79271530,4415625,answer,6515
2122,79271530,22746551,question,23
2123,61261226,3627515,comment,150
2124,61261226,297776,comment,28367
2125,61261226,507738,comment,22917
2126,59860033,6528925,answer,335
2127,59860033,17784990,answer,24
2128,59860033,7742878,comment,69
2129,59860033,1524027,comment,2748
2130,59860033,9881640,comment,491
2131,59860033,9881640,comment,491
2132,59860033,9881640,comment,491
2133,59860033,1914293,comment,820
2134,59860033,1524027,comment,2748
2135,59860033,1914293,answer,820
2136,59860033,9881640,question,491
2137,22164656,2219371,comment,4286
2138,22164656,1391924,accepted_answer,8839
2139,22164656,1391924,answer,8839
2140,22164656,2219371,question,4286
2141,79268493,7135594,comment,764
2142,79268493,7135594,comment,764
2143,79268493,8381946,comment,34894
2144,79268493,8381946,comment,34894
2145,79268493,7135594,question,764
2146,31319358,5719810,answer,1897
2147,79272483,9570228,question,195
2148,79272466,11232218,question,164
2149,79270713,313400,comment,14646
2150,79270713,28717876,question,1
2151,79272408,3067978,question,7
2152,71823693,1789428,answer,90
2153,71823693,18678792,comment,1
2154,71823693,992484,comment,347034
2155,71823693,18678792,comment,1
2156,71823693,992484,comment,347034
2157,71823693,992484,comment,347034
2158,71823693,18678792,comment,1
2159,71823693,992484,comment,347034
2160,71823693,992484,comment,347034
2161,71823693,18678792,question,1
2162,78005121,12402753,answer,55
2163,78005121,2711488,comment,297375
2164,78005121,4712734,comment,14792
2165,78005121,4712734,comment,14792
2166,78005121,17802067,comment,324
2167,78005121,10943358,question,11
2168,75732794,5787290,comment,91
2169,75732794,1052132,answer,536
2170,75732794,20068533,answer,33
2171,75732794,12553450,answer,3765
2172,75187134,1052132,answer,536
2173,75187134,28272910,answer,44
2174,75187134,19147117,answer,85
2175,75187134,1330142,comment,103
2176,75187134,7744621,answer,53
2177,75187134,4432563,comment,71
2178,75187134,5010048,comment,123
2179,75187134,5010048,comment,123
2180,75187134,20984017,comment,71
2181,75187134,4432563,answer,71
2182,75187134,20984017,comment,71
2183,75187134,6860078,comment,1839
2184,58762598,5221426,answer,81
2185,58762598,525036,comment,20440
2186,58762598,7940628,answer,73
2187,58762598,1474729,comment,1187
2188,8090386,122607,answer,30778
2189,8090386,122607,comment,30778
2190,8090386,122607,comment,30778
2191,8090386,132270,comment,7686
2192,8090386,428068,question,89
2193,79272239,6395627,comment,45278
2194,79272239,6395627,comment,45278
2195,79272239,4712734,comment,14792
2196,79272239,22430305,comment,37
2197,79272239,4712734,comment,14792
2198,79272239,2711488,comment,297375
2199,79272239,22430305,question,37
2200,9619030,9862732,answer,633
2201,9619030,1252186,comment,7739
2202,9619030,352035,answer,1512
2203,9619030,352035,comment,1512
2204,9619030,7743639,comment,71
2205,9619030,1573670,comment,1181
2206,57799040,9127397,comment,1324
2207,57799040,9127397,comment,1324
2208,57799040,2541560,comment,73478
2209,57799040,9127397,comment,1324
2210,57799040,2541560,comment,73478
2211,57799040,9127397,comment,1324
2212,57799040,9127397,comment,1324
2213,57799040,2541560,comment,73478
2214,57799040,2541560,comment,73478
2215,57799040,4964136,answer,6370
2216,57799040,9127397,comment,1324
2217,57799040,2541560,comment,73478
2218,57799040,9127397,question,1324
2219,74794173,20596913,answer,41
2220,74794173,20772507,answer,1
2221,74794173,7671727,comment,2678
2222,74794173,20772507,comment,1
2223,74794173,20772507,comment,1
2224,74794173,20772507,question,1
2225,79267643,13963086,answer,10778
2226,79267643,13963086,comment,10778
2227,79267643,22432487,comment,11
2228,79267643,13963086,comment,10778
2229,79267643,22432487,question,11
2230,79256462,10963880,answer,90
2231,79256462,2189127,comment,208679
2232,79256462,2189127,comment,208679
2233,79256462,4679320,comment,14257
2234,79256462,28648447,question,1
2235,79271421,1890213,answer,399
2236,79271421,6650475,comment,2741
2237,79271421,1890213,question,399
2238,77973038,9786128,answer,305
2239,77973038,3477733,answer,593
2240,77973038,6732430,answer,21
2241,77973038,1565635,comment,5150
2242,77973038,6597235,answer,111
2243,77973038,18456722,answer,36
2244,77973038,9458132,comment,756
2245,77973038,115145,accepted_answer,1005147
2246,77973038,764624,comment,4303
2247,77973038,115145,answer,1005147
2248,77973038,7449534,question,1310
2249,17489970,2367774,comment,118
2250,17489970,430480,comment,1404
2251,17489970,9400045,comment,445
2252,17489970,9400045,comment,445
2253,17489970,1095213,comment,5784
2254,17489970,430480,comment,1404
2255,17489970,430480,comment,1404
2256,17489970,285553,comment,5538
2257,17489970,285553,comment,5538
2258,17489970,430480,accepted_answer,1404
2259,17489970,430480,comment,1404
2260,17489970,430480,answer,1404
2261,17489970,285553,question,5538
2262,76642187,4436276,answer,2383
2263,76642187,1384297,comment,115721
2264,76642187,1384297,comment,115721
2265,76642187,4436276,question,2383
2266,50843652,3025856,comment,7537
2267,50843652,28734729,answer,1
2268,50843652,9937634,comment,33
2269,50843652,6485651,accepted_answer,10213
2270,50843652,2423906,answer,13710
2271,50843652,6485651,answer,10213
2272,50843652,9937634,question,33
2273,79270925,2764255,comment,40268
2274,79270925,1258838,answer,2699
2275,79270925,10347787,comment,123
2276,79270925,2764255,comment,40268
2277,79270925,10347787,question,123
2278,79270341,22887305,answer,56
2279,79270341,28724499,question,21
2280,79267552,1729265,comment,95503
2281,79267552,18847680,comment,1
2282,79267552,1729265,comment,95503
2283,79267552,18847680,comment,1
2284,79267552,1729265,answer,95503
2285,79267552,18847680,comment,1
2286,79267552,1729265,comment,95503
2287,79267552,18847680,question,1
2288,79244407,1258838,answer,2699
2289,79244407,28589451,question,1
2290,79271713,3488136,answer,66
2291,79271713,286974,question,223
2292,23128743,2851311,comment,6158
2293,23128743,4338553,answer,552
2294,23128743,2897008,answer,15370
2295,23128743,3312657,answer,131
2296,23128743,1346104,comment,5072
2297,23128743,2691516,answer,137
2298,23128743,3468587,question,155
2299,79271803,535646,comment,18699
2300,79271803,535646,comment,18699
2301,79271803,535646,comment,18699
2302,79271803,535646,comment,18699
2303,79271803,6061569,comment,23
2304,79271803,535646,comment,18699
2305,79271803,10802527,comment,11487
2306,79271803,535646,comment,18699
2307,79271803,535646,comment,18699
2308,79271803,6061569,question,23
2309,6841333,5078765,comment,3384
2310,6841333,6655648,comment,659
2311,6841333,6655648,comment,659
2312,77807905,324827,answer,5880
2313,77807905,14908414,comment,45
2314,77807905,530160,comment,24724
2315,77807905,14908414,comment,45
2316,77807905,4712734,comment,14792
2317,77807905,14908414,question,45
2318,59182272,3025856,comment,7537
2319,59182272,28733470,answer,1
2320,59182272,4125191,accepted_answer,34528
2321,59182272,8575615,answer,415
2322,59182272,4125191,answer,34528
2323,59182272,5953746,comment,87
2324,59182272,10530569,answer,45
2325,59182272,4125191,comment,34528
2326,59182272,5953746,answer,87
2327,59182272,1718575,comment,4663
2328,79271632,19487835,answer,107
2329,79271632,3832970,comment,626012
2330,79271632,721855,comment,25544
2331,79271632,19487835,question,107
2332,79271717,589490,question,4101
2333,79265646,7313173,question,163
2334,69985777,1542667,comment,13398
2335,69985777,7064617,comment,8363
2336,69985777,1542667,comment,13398
2337,69985777,7064617,comment,8363
2338,69985777,11768060,comment,83
2339,69985777,7064617,accepted_answer,8363
2340,69985777,7064617,comment,8363
2341,69985777,11768060,comment,83
2342,69985777,7064617,comment,8363
2343,69985777,11768060,comment,83
2344,69985777,11768060,comment,83
2345,69985777,7064617,answer,8363
2346,69985777,27905,comment,19973
2347,69985777,11768060,question,83
2348,79270999,4952262,answer,5689
2349,79270999,1509264,comment,167400
2350,79270999,4952262,question,5689
2351,79270694,6794063,accepted_answer,5637
2352,79270694,6794063,answer,5637
2353,79270694,28725831,question,3
2354,79271638,25113708,comment,1
2355,79271638,2711488,comment,297375
2356,79271638,25113708,comment,1
2357,79271638,2711488,comment,297375
2358,79271638,25113708,comment,1
2359,79271638,721855,comment,25544
2360,79271638,2711488,comment,297375
2361,79271638,25113708,question,1
2362,7025444,4188016,answer,1
2363,7025444,1630619,answer,1658
2364,7025444,605744,accepted_answer,340320
2365,7025444,105224,comment,114651
2366,7025444,291538,comment,4789
2367,7025444,105224,answer,114651
2368,7025444,605744,answer,340320
2369,7025444,14955,answer,262144
2370,7025444,14955,comment,262144
2371,7025444,291538,question,4789
2372,71653627,28706813,answer,41
2373,71653627,1072187,answer,12152
2374,71653627,3127477,comment,3534
2375,71653627,1072187,question,12152
2376,60995721,1689284,answer,1000
2377,60995721,2711488,comment,297375
2378,60995721,9275263,accepted_answer,1888
2379,60995721,9275263,answer,1888
2380,60995721,1746118,comment,31550
2381,60995721,9766592,question,551
2382,79271273,1689284,comment,1000
2383,79271273,28730862,comment,1
2384,79271273,1689284,answer,1000
2385,79271273,1356423,comment,23186
2386,79271273,28730862,question,1
2387,79270346,85421,comment,29580
2388,79270346,1689284,answer,1000
2389,79270346,12402753,answer,55
2390,79270346,4725875,comment,9172
2391,79270346,2164365,comment,20877
2392,79270346,22494421,question,1
2393,79271371,272109,comment,70971
2394,79271371,39094,comment,10166
2395,79271371,272109,comment,70971
2396,79271371,39094,comment,10166
2397,79271371,39094,comment,10166
2398,79271371,7064617,comment,8363
2399,79271371,8423371,question,289
2400,66045230,1761363,answer,111
2401,79269246,1615903,comment,34580
2402,79269246,438154,comment,279545
2403,79269246,438154,comment,279545
2404,79269246,25261625,question,1
2405,23028536,7487544,answer,172
2406,23028536,106261,comment,47168
2407,23028536,6225803,comment,418
2408,23028536,7835955,answer,152
2409,23028536,2248702,comment,2968
2410,23028536,106261,comment,47168
2411,23028536,571407,answer,690875
2412,23028536,2248702,question,2968
2413,1279393,1258838,answer,2699
2414,1279393,282352,comment,1388
2415,1279393,1996,comment,10938
2416,1279393,153503,answer,6484
2417,1279393,1069,answer,1520
2418,40011232,642706,answer,335891
2419,40011232,3196458,accepted_answer,2414
2420,40011232,3196458,answer,2414
2421,40011232,4759176,comment,5072
2422,40011232,3196458,comment,2414
2423,40011232,4759176,comment,5072
2424,40011232,3196458,comment,2414
2425,40011232,2310289,comment,44823
2426,40011232,4759176,question,5072
2427,77803626,1441210,answer,1202
2428,77803626,4553414,answer,876
2429,77803626,4553414,comment,876
2430,77803626,3833111,comment,1972
2431,77803626,4553414,comment,876
2432,77803626,3833111,answer,1972
2433,77803626,3833111,comment,1972
2434,77803626,3426366,answer,441
2435,77803626,23348641,comment,1
2436,77803626,4553414,comment,876
2437,77803626,23348641,answer,1
2438,77803626,4553414,question,876
2439,63402982,4102415,answer,141
2440,63402982,7203857,comment,343
2441,63402982,10824815,comment,467
2442,63402982,1100060,comment,1741
2443,63402982,10824815,accepted_answer,467
2444,63402982,6595860,answer,26
2445,63402982,9513184,unaccepted_answer,88576
2446,63402982,9513184,comment,88576
2447,63402982,14101716,comment,203
2448,63402982,9513184,answer,88576
2449,63402982,14101716,comment,203
2450,63402982,10824815,answer,467
2451,63402982,4964822,comment,17805
2452,63402982,611819,comment,8859
2453,63402982,14101716,question,203
2454,45329484,3436941,answer,467
2455,45329484,1722882,comment,9612
2456,45329484,3724625,comment,699
2457,45329484,3724625,comment,699
2458,45329484,3724625,comment,699
2459,45329484,1722882,answer,9612
2460,45329484,4011557,answer,61
2461,50833633,1381597,comment,306
2462,50833633,270371,comment,131088
2463,50833633,270371,comment,131088
2464,50833633,1531124,comment,140229
2465,50833633,270371,comment,131088
2466,50833633,270371,answer,131088
2467,50833633,1348834,answer,7026
2468,50833633,1531124,answer,140229
2469,50833633,9231614,question,1109
2470,79271223,133203,comment,27089
2471,79271223,19486261,question,1
2472,23260057,5571034,answer,65
2473,23260057,1504556,comment,19175
2474,23260057,1504556,comment,19175
2475,23260057,15435022,comment,991
2476,79255391,18779401,answer,61
2477,79255391,6395627,comment,45278
2478,79255391,1932011,comment,2576
2479,79255391,18779401,question,61
2480,79271165,296328,comment,97050
2481,79271165,916225,comment,8601
2482,79271165,8557976,question,115
2483,79245309,6625141,accepted_answer,101
2484,79245309,6625141,unaccepted_answer,101
2485,79245309,6625141,unaccepted_answer,101
2486,79245309,6625141,answer,101
2487,79245309,19251893,comment,276
2488,79245309,10875311,answer,722
2489,79245309,19251893,question,276
2490,79271069,4225485,comment,107
2491,79271069,721855,comment,25544
2492,79271069,2670892,comment,111025
2493,79271069,4225485,question,107
2494,71562223,3632094,answer,23
2495,71562223,1889512,answer,1682
2496,71562223,6765460,question,498
2497,79270951,20799834,question,1
2498,79270830,23272559,comment,199
2499,79270830,11881850,comment,525
2500,79270830,23272559,answer,199
2501,79270830,11881850,question,525
2502,6154302,272388,accepted_answer,4235
2503,6154302,272388,comment,4235
2504,6154302,390581,comment,59944
2505,6154302,272388,comment,4235
2506,6154302,390581,comment,59944
2507,6154302,390581,comment,59944
2508,6154302,765009,comment,5326
2509,6154302,765009,comment,5326
2510,6154302,765009,comment,5326
2511,6154302,735148,answer,68
2512,6154302,272388,answer,4235
2513,6154302,390581,question,59944
2514,79270630,1538176,comment,133
2515,79270630,1538176,comment,133
2516,79270630,390122,comment,8749
2517,79270630,390122,comment,8749
2518,79270630,1538176,comment,133
2519,79270630,1538176,comment,133
2520,79270630,13061224,comment,8960
2521,79270630,1538176,question,133
2522,79270927,10695261,question,75
2523,78016922,1527544,accepted_answer,32447
2524,78016922,1527544,answer,32447
2525,78016922,17129805,question,13
2526,79252259,22114747,comment,11
2527,79252259,1560965,comment,1115
2528,79252259,22114747,question,11
2529,79268640,4952262,question,5689
2530,63117447,15818333,answer,434
2531,63117447,13964155,comment,1
2532,63117447,4875624,comment,1142
2533,63117447,13964155,comment,1
2534,63117447,12768925,comment,863
2535,63117447,13964155,comment,1
2536,63117447,12768925,comment,863
2537,63117447,12768925,comment,863
2538,63117447,13964155,comment,1
2539,63117447,7095601,comment,2167
2540,63117447,13964155,question,1
2541,78080947,28728438,answer,1
2542,78080947,23501799,question,1
2543,42787524,9793057,comment,189
2544,42787524,1815624,answer,2804
2545,42787524,8009816,answer,779
2546,42787524,7938811,answer,11
2547,42787524,6887226,comment,844
2548,42787524,2960788,comment,10239
2549,42787524,7690031,answer,21
2550,42787524,2128166,comment,6055
2551,42787524,7709067,question,41
2552,77248654,57695,answer,532979
2553,77248654,466862,comment,108489
2554,77248654,22699492,question,11
2555,79270699,10632369,comment,6179
2556,79270699,28203822,question,1
2557,79270692,25785818,question,1
2558,79268558,14394219,comment,483
2559,79268558,4942033,comment,97
2560,79268558,14394219,answer,483
2561,79268558,4942033,question,97
2562,77097128,549372,answer,76028
2563,77097128,20808338,comment,1
2564,77097128,20808338,answer,1
2565,77097128,20808338,comment,1
2566,77097128,13713129,answer,9
2567,77097128,9185029,answer,567
2568,77097128,16376827,comment,4266
2569,77097128,20808338,question,1
2570,53931323,5061254,comment,1
2571,53931323,5061254,answer,1
2572,53931323,5061254,comment,1
2573,53931323,3712298,answer,1549
2574,53931323,6572971,answer,15883
2575,53931323,10664446,comment,4475
2576,53931323,5061254,comment,1
2577,53931323,10664446,comment,4475
2578,53931323,5061254,question,1
2579,79270614,2189127,comment,208679
2580,79270614,1155209,comment,158901
2581,79270614,6395627,comment,45278
2582,79270614,28727392,question,1
2583,79270604,11117255,question,2627
2584,4363952,5772882,comment,85501
2585,4363952,9236852,answer,51
2586,4363952,5465632,comment,4098
2587,15897844,642706,answer,335891
2588,15897844,1034737,accepted_answer,46368
2589,15897844,2113996,answer,4637
2590,15897844,714969,answer,94391
2591,15897844,2021142,answer,2257
2592,15897844,1034737,answer,46368
2593,15897844,2193977,question,39
2594,79270571,2365727,comment,4589
2595,79270571,6047319,question,63
2596,79268167,15157439,question,1
2597,71000488,8042132,answer,137
2598,71000488,7910725,answer,355
2599,71000488,10688855,answer,1
2600,71000488,14828354,answer,364
2601,71000488,5459839,answer,347558
2602,71000488,15296423,question,1
2603,18536744,7968298,answer,11
2604,18536744,1565525,comment,32367
2605,18536744,2729570,comment,586
2606,18536744,2071911,comment,159
2607,18536744,2693219,comment,949
2608,18536744,2729570,comment,586
2609,18536744,2071911,comment,159
2610,18536744,2071911,comment,159
2611,18536744,2693219,comment,949
2612,18536744,1565525,comment,32367
2613,18536744,2071911,comment,159
2614,18536744,2071911,comment,159
2615,18536744,2729570,comment,586
2616,18536744,1565525,answer,32367
2617,18536744,1130801,comment,34734
2618,18536744,2071911,comment,159
2619,18536744,2729570,comment,586
2620,18536744,2071911,comment,159
2621,18536744,2071911,comment,159
2622,18536744,2729570,comment,586
2623,18536744,2071911,comment,159
2624,18536744,2071911,comment,159
2625,18536744,2693219,answer,949
2626,18536744,2729570,comment,586
2627,18536744,2071911,comment,159
2628,79270511,20983094,comment,1
2629,79270511,296328,comment,97050
2630,79270511,20983094,question,1
2631,79270464,4036754,comment,2272
2632,79270464,28721346,question,11
2633,27658343,307295,comment,4017
2634,27658343,145499,comment,9991
2635,27658343,307295,answer,4017
2636,27658343,307295,comment,4017
2637,27658343,336175,comment,4649
2638,27658343,336175,comment,4649
2639,27658343,2200271,answer,60
2640,27658343,4537436,answer,91
2641,27658343,2922639,comment,2260
2642,27658343,2921668,comment,163
2643,27658343,2922639,comment,2260
2644,27658343,2921668,comment,163
2645,27658343,2922639,comment,2260
2646,27658343,2921668,comment,163
2647,27658343,2922639,comment,2260
2648,27658343,2921668,comment,163
2649,72647286,1908807,answer,400
2650,72647286,21209808,answer,1
2651,72647286,1195806,answer,163
2652,72647286,1195806,question,163
2653,52856647,1147529,answer,23395
2654,52856647,10517685,answer,19
2655,52856647,2605902,comment,1498
2656,52856647,2139631,answer,1269
2657,52856647,2605902,answer,1498
2658,53497454,231860,comment,4201
2659,53497454,4970079,comment,7235
2660,53497454,16582085,answer,1
2661,53497454,16582085,answer,1
2662,18907688,3025856,comment,7537
2663,18907688,1079354,accepted_answer,106215
2664,18907688,1079354,comment,106215
2665,18907688,2771077,comment,71
2666,18907688,1564449,answer,17861
2667,18907688,1079354,answer,106215
2668,18907688,857132,comment,29228
2669,18907688,831878,answer,88188
2670,18907688,2771077,question,71
2671,79212328,23156758,answer,51
2672,79212328,18620172,question,73
2673,52124778,10286762,answer,1
2674,52124778,10369919,answer,1
2675,52124778,9473764,comment,147008
2676,52124778,5941918,answer,41
2677,52124778,6438819,answer,5445
2678,52124778,10004675,answer,316
2679,52124778,10267387,answer,151
2680,52124778,9012431,question,29
2681,79268480,6127801,comment,1
2682,79268480,2696260,comment,123736
2683,79268480,6127801,question,1
2684,79268396,622266,comment,4205
2685,79268396,6216216,comment,13498
2686,79268396,28716324,question,1
2687,43980110,3377123,comment,1201
2688,79269932,6054737,comment,312
2689,79269932,2441939,answer,711
2690,79269932,6054737,question,312
2691,32266961,5260951,answer,279
2692,32266961,4977685,question,3
2693,79266304,7120087,comment,1331
2694,79266304,231762,comment,9180
2695,79266304,7120087,comment,1331
2696,79266304,231762,comment,9180
2697,79266304,7120087,question,1331
2698,35569092,8280131,answer,11
2699,35569092,620054,comment,1038
2700,35569092,19734673,answer,51
2701,415687,4854931,comment,3016
2702,415687,15983216,comment,490
2703,415687,12299000,answer,50750
2704,415687,5440258,answer,1
2705,78229942,14553680,question,11
2706,79269606,8733302,answer,39
2707,79269606,802281,comment,17747
2708,79269606,802281,comment,17747
2709,79269606,6053084,comment,4894
2710,79269606,4067074,comment,288
2711,79269606,802281,question,17747
2712,79269188,5772882,comment,85501
2713,79269188,5772882,comment,85501
2714,79269188,5772882,comment,85501
2715,79269188,5772882,comment,85501
2716,79269188,16376827,comment,4266
2717,79269188,3149444,comment,2754
2718,79269188,16376827,comment,4266
2719,79269188,5389997,comment,34227
2720,79269188,3149444,comment,2754
2721,79269188,20860,comment,561316
2722,79269188,20860,accepted_answer,561316
2723,79269188,3149444,comment,2754
2724,79269188,20860,answer,561316
2725,79269188,3149444,question,2754
2726,39809071,6909147,comment,1
2727,39809071,6909147,comment,1
2728,39809071,1147787,comment,1746
2729,39809071,4407593,comment,1856
2730,39809071,1241176,comment,1863
2731,39809071,1755847,comment,5587
2732,39809071,6909147,question,1
2733,24821804,21206623,answer,1
2734,24821804,2671590,answer,673
2735,24821804,935148,answer,574
2736,24821804,2122484,comment,1445
2737,24821804,3547674,comment,31
2738,24821804,2122484,answer,1445
2739,24821804,1264321,comment,12394
2740,24821804,3547674,question,31
2741,29885428,11862547,comment,165
2742,29885428,2438646,answer,23
2743,59154171,7161927,accepted_answer,31
2744,59154171,7161927,answer,31
2745,59154171,7161927,question,31
2746,57686041,13781788,answer,1
2747,57686041,14559220,comment,1824
2748,57686041,15148595,answer,29
2749,57686041,7970245,accepted_answer,687
2750,57686041,7970245,answer,687
2751,57686041,10171021,answer,1
2752,57686041,11981994,question,131
2753,5652772,22656,accepted_answer,1494514
2754,5652772,228171,comment,80974
2755,17385890,3497943,comment,331
2756,17385890,8029803,answer,59
2757,17385890,3861913,answer,2214
2758,17385890,2914140,comment,28638
2759,5593215,142458,comment,1684
2760,5593215,87197,comment,22711
2761,5593215,87197,answer,22711
2762,5593215,142458,answer,1684
2763,5593215,43673,comment,7111
2764,5593215,135589,comment,206556
2765,5593215,86604,comment,36281
2766,5593215,316198,question,1587
2767,79269825,10461625,question,4792
2768,79254431,27207365,comment,1
2769,79254431,867206,answer,6216
2770,79254431,27207365,question,1
2771,39821750,6856919,comment,5
2772,39821750,4558709,accepted_answer,18222
2773,39821750,4558709,answer,18222
2774,39821750,6856919,question,5
2775,79269071,6749628,comment,51
2776,79269071,12402753,answer,55
2777,79269071,6749628,question,51
2778,38866637,14732669,comment,14970
2779,38866637,28720084,answer,1
2780,38866637,732570,comment,4677
2781,79269752,13963086,comment,10778
2782,79269752,13963086,comment,10778
2783,79269752,631051,comment,6785
2784,79269752,18291345,question,1
2785,79269749,23683880,question,1
2786,8466462,479760,comment,8008
2787,8466462,2700303,comment,15073
2788,8466462,4941057,answer,31
2789,8466462,479760,accepted_answer,8008
2790,8466462,242769,comment,77528
2791,8466462,185723,comment,21371
2792,8466462,242769,comment,77528
2793,8466462,666172,answer,1492
2794,8466462,185723,answer,21371
2795,8466462,479760,answer,8008
2796,8466462,129570,answer,272109
2797,8466462,242769,question,77528
2798,51773218,6142313,answer,827
2799,51773218,452486,comment,3297
2800,51773218,6941612,comment,188
2801,51773218,4121744,comment,1699
2802,51773218,6941612,comment,188
2803,51773218,4121744,comment,1699
2804,51773218,1953474,comment,158
2805,79266852,2696260,comment,123736
2806,79266852,873597,comment,129
2807,79266852,2696260,comment,123736
2808,79266852,873597,comment,129
2809,79266852,873597,comment,129
2810,79266852,2696260,comment,123736
2811,79266852,873597,question,129
2812,13747603,226625,comment,1564
2813,13747603,226625,answer,1564
2814,13747603,236152,comment,1313
2815,13747603,7302365,answer,814
2816,51606617,18070604,answer,7
2817,51606617,4161471,comment,7021
2818,51606617,3887432,comment,4023
2819,51606617,11329562,answer,1979
2820,51606617,7985766,comment,168
2821,51606617,3440451,comment,11
2822,51606617,3440451,question,11
2823,63243473,359974,answer,2223
2824,63243473,9717070,comment,1
2825,63243473,9717070,comment,1
2826,63243473,3045105,answer,878
2827,63243473,12576497,comment,2840
2828,63243473,9717070,question,1
2829,56009472,180295,comment,3335
2830,56009472,180295,answer,3335
2831,56009472,174777,comment,267780
2832,56009472,7412657,comment,289
2833,56009472,174777,answer,267780
2834,56009472,7412657,question,289
2835,21985856,4541018,answer,1918
2836,21985856,1806653,comment,303
2837,21985856,1835198,comment,8377
2838,21985856,1806653,comment,303
2839,21985856,1835198,comment,8377
2840,21985856,1027040,answer,2511
2841,21985856,1806653,question,303
2842,56705558,23521568,comment,21
2843,56705558,984823,comment,109344
2844,56705558,23521568,answer,21
2845,56705558,3141792,comment,1
2846,56705558,3141792,comment,1
2847,56705558,3141792,comment,1
2848,56705558,8659092,comment,88
2849,56705558,3141792,comment,1
2850,56705558,8659092,comment,88
2851,56705558,3141792,comment,1
2852,56705558,3141792,comment,1
2853,56705558,3141792,comment,1
2854,56705558,3141792,comment,1
2855,5605575,3485,comment,14689
2856,5605575,139985,comment,717784
2857,51151585,17830956,answer,289
2858,51151585,10006771,comment,159
2859,51151585,7797626,comment,77
2860,51151585,13862823,answer,12
2861,51151585,8763592,answer,1
2862,79242258,28575565,comment,11
2863,79242258,16376827,comment,4266
2864,79242258,28575565,comment,11
2865,79242258,28575565,comment,11
2866,79242258,23434446,comment,156
2867,79242258,139985,comment,717784
2868,79242258,16376827,comment,4266
2869,79242258,16376827,comment,4266
2870,79242258,20882864,comment,235
2871,79242258,522444,comment,285338
