1,9,35531768,false,1733828794,153,1725866902,27261123
2,3,16434442,false,1646904152,31,1564723068,11872376
3,27,314349,false,1695078202,406,1298430911,629470
4,7,38321090,false,1733832165,91,1733823324,28712954
5,0,5615354,false,1440120650,1,1421095485,4446892
6,31,9085336,false,1733580423,686,1472267609,6763568
7,8,28697372,false,1733832447,29,1685289388,21975313
8,1,10628600,false,1733832123,1,1491489031,7827517
9,5,9064131,false,1733828653,3,1471983374,6749628
10,0,37616126,false,1733828447,1,1731813366,28337814
11,53,1294484,false,1635925170,1321,1330718972,1245910
12,89,3533737,false,1733828024,1041,1383568946,2952564
13,52,12280871,false,1591647769,597,1511012151,8962522
14,1,33536121,false,1733827172,1,1719986884,25962035
15,1,17832700,false,1733829120,1,1582533705,12952350
16,152,943688,false,1733830358,3059,1317306405,971355
17,2,21413726,false,1733828642,101,1721717596,26477802
18,4,37983687,false,1733831854,1,1732807588,28534089
19,17,10081902,false,1685912335,77,1485040370,7451900
20,1,30475740,false,1733828624,1,1707219942,23354520
21,87,16506411,false,1733700638,1242,1565772029,11926338
22,32,11423970,false,1733825349,625,1501141599,8374602
23,3,10433006,false,1709731293,21,1489175615,7692265
24,29,10740055,false,1701298176,412,1492806037,7903486
25,2,30273330,false,1733823732,1,1733407870,28644039
26,0,17675936,false,1733830982,1,1580709232,12830894
27,116,14971,false,1713470618,6961,1224854973,31172
28,8,17138160,false,1733832085,45,1574239629,12402753
29,55,9261632,false,1733822813,911,1474820999,6878504
30,2,38315184,false,1733832230,1,1733809294,28709372
31,0,29279578,false,1733821844,1,1692760211,22432487
32,0,6660851,false,1733826021,9,1437494837,5140004
33,157,4608322,false,1733823960,7034,1402651813,3737177
34,2000,3163862,false,1733831769,37015,1376297406,2674303
35,1,29437505,false,1733832548,1,1694665412,22556077
36,42,18586978,false,1733832001,2504,1610558199,15000097
37,3,19502974,false,1733830822,11,1599981212,14268583
38,0,24985902,false,1733832612,1,1650279928,18847680
39,8,31912355,false,1733805959,545,1714201576,24723440
40,469,484421,false,1694277049,5952,1313651868,900081
41,16,876727,false,1242678760,443,1240793894,96333
42,24,11542209,false,1636259649,536,1502615110,8457476
43,17,2564849,false,1617179288,153,1364577685,2225210
44,2,27116540,false,1733701970,17,1702279591,23079649
45,7,20726694,false,1722708975,35,1613471721,15219831
46,12,19266739,false,1733831597,75,1597072182,14081529
47,99,6530445,false,1733822331,2076,1435298040,5051731
48,0,28107628,false,1679655442,1,1679597104,21475977
49,3,24366911,false,1733822437,3,1645716287,18300519
50,16,6955655,false,1733829280,167,1442300354,5336753
51,23,8902018,false,1558418295,226,1469627987,6645181
52,1,38282123,false,1733822695,1,1733722522,28691676
53,27,914075,false,1721909513,365,1316104623,947280
54,40,21572410,false,1733736005,1002,1620810196,15905119
55,2,13856471,false,1733811783,11,1530154758,10003145
56,5,27532966,false,1733652754,21,1687686820,22127981
57,174,7293755,false,1724572845,4955,1447427351,5559342
58,512,423105,false,1733770233,17745,1308257358,802281
59,71,6203369,false,1685013368,1020,1429979607,4832342
60,400,203374,false,1733697153,49003,1284752897,450989
61,16,2558569,false,1390925188,175,1364479565,2220067
62,21,1632473,false,1733831968,407,1341578003,1506749
63,14,1927109,false,1733772756,165,1349940686,1737273
64,166,2377056,false,1733779209,4275,1361090164,2080104
65,17,2657054,false,1385698964,45,1366337817,2297518
66,708,476363,false,1733097177,17315,1312954587,887235
67,44,4353759,false,1731431379,593,1400780309,3666206
68,419,35552,false,1733829816,7521,1241426964,100747
69,0,31143168,false,1733830136,1,1712038480,23950941
70,146,406692,false,1733662302,4063,1306762822,776348
71,35,13095708,false,1587465942,313,1520505503,9461706
72,13,4853038,false,1733818419,103,1407336287,3914847
73,1461,85409,false,1729684410,92137,1261644575,238134
74,1849,8235,false,1733804924,89656,1221618109,14731
75,1,34885123,false,1733807285,11,1723772954,26843070
76,18,1208583,false,1511242529,41,1327909136,1177576
77,777,42916,false,1733802925,23323,1245341140,125212
78,17,1245174,false,1733796344,376,1329136832,1206791
79,15,467926,false,1733801090,129,1312239371,873597
80,378,142772,false,1731953051,10548,1274862788,350685
81,116,2090213,false,1731522685,1597,1354114007,1860222
82,3,36238908,false,1733774420,1,1728093137,27636666
83,3,32303685,false,1733768769,11,1715893957,25087850
84,34,19679090,false,1733733713,718,1602066272,14406682
85,4,16770453,false,1733798772,29,1569476264,12123001
86,6,8118987,false,1598983208,11,1458965694,6116418
87,6,4087336,false,1394799691,123,1393425692,3356319
88,1,11571418,false,1733761278,1,1502971953,8478081
89,0,38309098,false,1733788800,1,1733788800,28706247
90,0,38309032,false,1733799622,1,1733788573,28706218
91,68,3141989,false,1721242902,864,1375800385,2657277
92,1,30128574,false,1733827228,1,1702397508,23088798
93,34,3402826,false,1607996394,425,1381148233,2854621
94,5,29155086,false,1733777701,19,1691090882,22335060
95,97,9452167,false,1733787020,1857,1476666124,7028588
96,45,89187,false,1733328066,819,1262935725,246206
97,918,246829,false,1699119562,21873,1290763754,521180
98,10,9659085,false,1618847444,93,1479303566,7167748
99,2,26652151,false,1733824289,21,1666033176,20266286
100,56,722097,false,1305282089,3513,1299776942,653979
101,0,38305128,false,1733779477,1,1733776041,28704573
102,13,7027457,false,1733831395,135,1443438010,5384400
103,12,28357688,false,1687171876,251,1681977941,21688175
104,4,23288738,false,1714324809,41,1636489606,17371137
105,532,172044,false,1539129414,76887,1279850979,399815
106,7,1416081,false,1733781890,161,1334761397,1341731
107,1399,19971,false,1732135010,56509,1229570209,47281
108,27,2436594,false,1673979173,402,1362217291,2126347
109,5,12916204,false,1733824426,3,1518208923,9340380
110,14,15327399,false,1733776884,167,1550081350,11058144
111,9,1625884,false,1730210260,63,1341402262,1501454
112,5,22224669,false,1650044521,11,1626428828,16461809
113,18,3019107,false,1733761779,175,1373283262,2560545
114,241,71594,false,1733831054,29202,1257785022,207090
115,57,9588169,false,1733800517,1331,1478372835,7120087
116,22,4545233,false,1719347990,357,1401466110,3692045
117,32,3355003,false,1693978787,563,1380176098,2818167
118,15,3885918,false,1733821988,335,1390266433,3217285
119,6,8146064,false,1593763474,9,1459340841,6134691
120,682,444292,false,1694122014,1,1310155120,836018
121,31,10542706,false,1733588694,385,1490493105,7768115
122,6,1721227,false,1733788244,29,1344148583,1577029
123,3,7110041,false,1733831624,9,1444682532,5438324
124,10,11723177,false,1555938538,19,1504893585,8581463
125,127,224815,false,1685189071,4159,1287814324,484894
126,4,3153726,false,1733793571,5,1386198454,3067978
127,276,7296143,false,1733771760,3300,1447466744,5560898
128,13,9485678,false,1525332960,111,1477038858,7052118
129,0,17052890,false,1730239231,9,1613680912,15238260
130,9,21699458,false,1733799950,19,1621830283,16012830
131,6,9719019,false,1733788675,101,1480055935,7208330
132,83,1723893,false,1537470560,1565,1366966392,2323036
133,2,38218984,false,1733757897,1,1733495956,28661094
134,2,37828681,false,1733827077,1,1732380982,28449857
135,1,19555101,false,1631979486,1,1600606940,14309708
136,3,32368727,false,1733806819,103,1716191723,25141343
137,26,18270560,false,1733832574,319,1586779818,13301415
138,1,30343275,false,1733832121,1,1705417820,23253584
139,12,27071838,false,1729852523,227,1669630820,20622382
140,16,2458695,false,1724153382,191,1369342115,2415316
141,2,27503226,false,1733803334,11,1673472526,20986448
142,475,1102563,false,1733484816,15293,1323727576,1094640
143,6,22489125,false,1733762171,17,1629192662,16687097
144,6,3069863,false,1733828308,103,1374262510,2600801
145,511,14482834,false,1733827381,4812,1538741480,10461625
146,46,312985,false,1680190105,1178,1298326535,1422536
147,1,38179458,false,1733790635,1,1733389119,28639086
148,19,9875097,false,1733832429,163,1482073020,7313173
149,1,30311723,false,1733819202,1,1704970440,23229603
150,99,11441698,false,1510834135,1632,1501351302,8387050
151,39,9348686,false,1733824909,817,1475998595,6944068
152,12,1384974,false,1733781527,63,1333706302,1317202
153,76,8416879,false,1733825768,839,1462908534,6317008
154,8,20974517,false,1733757694,59,1615930312,15410874
155,3,23941567,false,1733804631,17,1642176057,17934589
156,12,23598712,false,1733832717,97,1639051641,17635530
157,15,1783005,false,1438422220,263,1345940193,1625233
158,30,12078471,false,1730272243,589,1508929400,8831075
159,89,1247323,false,1733819505,1919,1333863800,1319938
160,7,3716256,false,1733760389,110,1386786200,3092396
161,10,10728310,false,1733831520,53,1492685145,7895169
162,287,21731,false,1733692652,9443,1231444461,53069
163,1,17338596,false,1733814704,1,1609092343,14897510
164,131,5527036,false,1733826281,1828,1419330590,4388228
165,1,38295219,false,1733822039,11,1733753644,28699494
166,219,2034815,false,1733807905,5192,1352703527,1817416
167,27,54210,false,1733754469,455,1251132171,162178
168,228,2238186,false,1733826576,4296,1358073938,1973933
169,212,103469,false,1733761297,8930,1266596925,277128
170,24,254134,false,1651821230,323,1291706261,533315
171,43,7820761,false,1733751856,298,1455199982,5913975
172,73,6608940,false,1733786322,700,1445700694,5483731
173,4,523310,false,1666297507,121,1346239381,1632998
174,55,6830695,false,1733761103,643,1440239448,5254815
175,30,14070649,false,1733760803,153,1533106932,10164223
176,3,12059077,false,1733820773,17,1570038327,12155337
177,17,18423089,false,1717265498,181,1588015202,13420196
178,211,2510282,false,1733760159,12942,1363619792,2182928
179,2,28725684,false,1733813449,3,1685605263,21998546
180,2,30027307,false,1733370316,1,1723872967,26854929
181,2,12984341,false,1733746326,43,1623881054,16247499
182,17,16735474,false,1656636094,63,1568998922,12096735
183,36,8998349,false,1633345578,388,1470978325,6707816
184,3,15250034,false,1733684853,3,1549070378,11003721
185,334,438657,false,1722608685,39590,1309710513,827060
186,2,35852313,false,1733464954,11,1727163131,27435192
187,1,28619511,false,1733830687,1,1684320105,21912806
188,57,872760,false,1724675649,589,1321714903,1055411
189,0,35173966,false,1733763184,1,1724695323,27029389
190,8,14597610,false,1733771561,13,1540240993,10542834
191,176,12000615,false,1733778175,2185,1508091986,8780684
192,117,14961660,false,1731594593,1591,1545050083,10801227
193,0,32052910,false,1733746535,1,1714757327,24857646
194,1,33024947,false,1733823005,1,1718717233,25620526
195,8,9162086,false,1733830884,41,1473415906,6813096
196,3,6008243,false,1733824449,19,1427436426,4719429
197,0,28561476,false,1733805176,1,1683662103,21864943
198,494,341185,false,1733828828,16755,1300813138,671639
199,7,26216381,false,1733743208,79,1662023818,19894458
200,555,1159141,false,1733833018,13446,1326123445,1139023
201,3,15385328,false,1733808252,3,1550809970,11099545
202,64,9572330,false,1733778834,976,1493292511,7930987
203,3,19734903,false,1611900941,19,1602684179,14449617
204,12,4105898,false,1411838688,63,1393735766,3369935
205,11,11050822,false,1651927305,55,1496678589,8115347
206,0,38288429,false,1733827665,1,1733738328,28695509
207,43,2067771,false,1733090829,1126,1353522146,1842947
208,9,11485599,false,1733823125,61,1501862809,8418377
209,1,14383591,false,1733816051,1,1537432165,10390160
210,3,9642566,false,1733737095,1,1479119835,7156354
211,188,1039365,false,1733822869,1815,1321281307,1045780
212,11,12195104,false,1733784529,306,1516456051,9244323
213,67,935274,false,1733372610,7395,1326670206,1150995
214,12,18806141,false,1733591004,135,1591722986,13715429
215,2,22598311,false,1655256768,11,1630246074,16780268
216,47,5603019,false,1733734539,1436,1420842752,4438641
217,3,26196187,false,1733743280,17,1661847207,19877265
218,132,1799577,false,1729153715,5423,1346404465,1638237
219,10,6295276,false,1733741129,57,1431437674,4891686
220,2,30416132,false,1733740155,21,1706409509,23308838
221,464,305557,false,1698874644,13958,1297663659,615780
222,1,30257013,false,1733733871,31,1704247709,23187813
223,3169,1229539,false,1733830305,86247,1328611118,1194415
224,19,6150857,false,1733831262,598,1429169183,4795299
225,15,3665550,false,1733738830,293,1385890119,3054099
226,4,19751043,false,1732646843,13,1602850022,14462398
227,92,3013496,false,1733629963,1863,1373119064,2556354
228,2,37063979,false,1731664265,3,1730285223,28058791
229,3,36766193,false,1733821853,1,1729494590,27906217
230,5,19242390,false,1597061419,101,1596739855,14062115
231,24,6310497,false,1733620055,128,1431655953,4902186
232,21,1660485,false,1689674469,251,1342441485,1528872
233,6,3510555,false,1733807247,1,1383111691,2934977
234,35,18052362,false,1733828302,211,1585133532,13121714
235,5,30211569,false,1733831588,21,1703482962,23153414
236,27,10162439,false,1664554178,133,1486033294,7505473
237,517,44249,false,1716321355,29053,1246078331,129750
238,7,25171232,false,1654670501,31,1651481280,19014033
239,3,31695887,false,1733803712,1,1713582404,24513372
240,381,6099767,false,1733735041,5062,1428415499,4759176
241,4,25160988,false,1733726997,9,1651373887,19005184
242,8,7094009,false,1453660690,21,1444404307,5428281
243,8,18460190,false,1646053910,1,1588335947,13447903
244,1117,1261634,false,1733821395,25697,1329684283,1219755
245,811,87230,false,1733763746,40895,1262379500,242042
246,107,1922736,false,1729916428,2650,1349849961,1733834
247,110,9154396,false,1733833207,5028,1473317416,6807769
248,367,181043,false,1733419737,8468,1281336259,414773
249,11,10708992,false,1557297475,3,1492486994,7881785
250,5,38241801,false,1733831136,21,1733575434,28672609
251,285,97675,false,1733693781,8997,1265151970,264822
252,81,22472,false,1730911047,2529,1232033127,55469
253,5,24725630,false,1733797958,41,1648514309,18614169
254,9,13572082,false,1733831182,203,1711441543,23809568
255,63,542632,false,1473964044,1011,1314259883,911524
256,44,2570376,false,1725523764,551,1364735507,2229280
257,108,1156433,false,1733768554,1439,1326015476,1136905
258,3,38257315,false,1733803837,3,1733635209,28679677
259,10,24283876,false,1733721481,89,1645073066,18229921
260,6,11997449,false,1733808109,41,1508048682,8778496
261,105,4660,false,1728433329,2712,1221484288,7111
262,290,321078,false,1733788276,16534,1298995940,639687
263,6,32118491,false,1733779164,29,1715101632,24918941
264,31,1851198,false,1732670874,195,1347888502,1677733
265,39,1490490,false,1733811813,396,1337142985,1397674
266,231,7531034,false,1733772361,2555,1451158486,5719229
267,19,6840202,false,1733812884,344,1440427548,5260862
268,80,3120461,false,1542737839,1611,1375322518,2640327
269,40,6968976,false,1733816889,833,1442484773,5345974
270,317,10642398,false,1733219205,7066,1491653412,7836976
271,3,23689375,false,1733585431,21,1639894679,17713895
272,6,16914157,false,1579698756,1,1571312976,12232567
273,16,1975304,false,1716382203,51,1351143461,1773207
274,6,13952129,false,1733828469,41,1531476801,10075438
275,56,13523174,false,1733801925,1349,1571124087,12218938
276,11,16858927,false,1710323190,15,1570640047,12190189
277,1,38246652,false,1733590872,1,1733589971,28675041
278,2,18384599,false,1733595358,1,1725713834,27245664
279,109,416683,false,1733809568,2042,1307686184,969784
280,114,83424,false,1733676455,2939,1261064754,233906
281,41,10564088,false,1717451061,661,1490746418,7782880
282,112,18876645,false,1733732004,2035,1592493636,13770014
283,242,2729259,false,1732288731,7066,1367815606,2353403
284,5,27495660,false,1733823948,31,1673417895,20980207
285,1,37478993,false,1733327034,9,1731439692,28266613
286,112,52270,false,1506054577,3157,1250204689,156153
287,108,4835964,false,1733801995,2118,1407004257,3902663
288,0,38325128,false,1733833402,1,1733832500,28715369
289,1,22779816,false,1733403476,1,1631872610,16935920
290,0,20363973,false,1733817378,1,1609764489,14937729
291,2,23529786,false,1733603614,1,1638484751,17575637
292,2,38263448,false,1733770112,11,1733658735,28682920
293,337,373744,false,1733480684,8959,1303726484,1100874
294,8,1762033,false,1724708927,75,1345299066,1608879
295,2,23538694,false,1733769661,1,1638559647,17583247
296,32,14316872,false,1690979503,1073,1536573062,10341428
297,35,15162180,false,1732963349,633,1547994867,10940882
298,7,19763169,false,1628434075,13,1603016077,14471807
299,16,14009191,false,1730986958,189,1532271759,10118354
300,1,29893014,false,1733693038,1,1699887632,22908684
301,11996,52822,false,1733685271,1,1250527322,157882
302,6,31253843,false,1733782560,31,1712416132,24060829
303,98,9875840,false,1733755580,923,1482084474,7313637
304,113,35718,false,1733813353,3146,1241489381,101260
305,4,23792301,false,1733743897,40,1640947652,17803601
306,19,8046541,false,1467667635,473,1458047676,6066596
307,69,1299528,false,1689342691,559,1330948363,1249744
308,106,5641,false,1733632504,4446,1221501695,9195
309,15,3223186,false,1733830569,91,1377575255,2720084
310,26,472812,false,1676474412,169,1312593839,881523
311,12,5254002,false,1475760575,127,1414655929,4197354
312,63,5603010,false,1724000690,856,1420842612,4438634
313,6,5448688,false,1621244706,13,1417959544,4334269
314,20,4247290,false,1733010562,139,1396090981,3475581
315,9,25224960,false,1733710863,41,1651922402,19060964
316,199,2385047,false,1715309051,4353,1361260830,2086191
317,18,15523600,false,1732384920,129,1552502631,11199128
318,6,23776867,false,1733604998,21,1640793145,17790187
319,187,5344340,false,1733799035,2583,1416211916,4260303
320,10,17779840,false,1733725964,33,1581928306,12911247
321,4,16714877,false,1733452347,53,1568744348,12081240
322,22,3853200,false,1721962003,251,1389677083,3192770
323,12,9459587,false,1514584865,11,1476749584,7033765
324,71,6746900,false,1706899094,1001,1438865447,5198256
325,9,2986807,false,1573498908,47,1372542021,2535399
326,779,122338,false,1710131697,14960,1271211130,316082
327,9,25375632,false,1702558784,199,1653393798,19188819
328,65,17496824,false,1732542025,1080,1578642741,12687879
329,4,667271,false,1291021758,31,1288379493,491669
330,227,2119667,false,1701181525,7819,1354815781,1883212
331,21,8280491,false,1666333755,259,1461074766,6225358
332,1,37400883,false,1733696607,1,1731251529,28225103
333,93,4298757,false,1733332114,3531,1396997467,3513023
334,1,38252699,false,1733614074,1,1733611920,28677629
335,6,635510,false,1280388215,43,1280384810,405339
336,7,19087758,false,1733771282,153,1594854411,13938653
337,8,10065309,false,1525169809,1,1484824868,7440669
338,57,205218,false,1325182317,6552,1285069413,453865
339,112,1450306,false,1733394844,2421,1335862847,1367450
340,26,3525574,false,1733821074,642,1383351060,2946787
341,1,35896032,false,1733803985,1,1727251707,27459019
342,15,22858744,false,1704798296,173,1655652605,19369820
343,177,1418937,false,1733826719,5268,1334838834,1343979
344,5,31305742,false,1733733055,13,1712586285,24118536
345,44,5100115,false,1733832748,370,1411969799,4089982
346,2,30529587,false,1731763851,3,1707831903,23397875
347,3,33749308,false,1733678952,13,1720296857,26135876
348,2,30701821,false,1733676028,1,1709677082,23539875
349,1,38212340,false,1733603520,1,1733479079,28657217
350,5,18977597,false,1716937131,13,1593637580,13849722
351,474,105921,false,1391705845,15264,1267218967,282383
352,14,6140032,false,1502022900,33,1429020702,4787711
353,4,29227858,false,1733678945,29,1692084877,22392163
354,1,26583075,false,1733698963,1,1665426083,20207437
355,3,2070090,false,1404984036,1,1353581396,1844775
356,7,8220247,false,1733749289,123,1460312254,6185050
357,135,4281721,false,1733747111,1320,1396692330,3500874
358,848,4564466,false,1733788606,69285,1401864143,3705840
359,122,3768809,false,1678267946,3246,1387864422,3131537
360,2336,27431,false,1733817970,44330,1235905243,72437
361,2,33128712,false,1733661149,1,1719063167,25676898
362,29,7808340,false,1472066835,229,1455053671,5905444
363,41,3757108,false,1480960492,1215,1387552871,3123222
364,40,271918,false,1732098124,897,1294153445,562714
365,971,111681,false,1732706912,13172,1268754070,1480018
366,34,10443992,false,1732142956,333,1489345698,7699683
367,32,7309297,false,1733677571,438,1447703364,5569130
368,271,13165,false,1726076242,7074,1223496599,26270
369,22,19012450,false,1732171273,171,1594044430,13878117
370,315,4904476,false,1733631130,5458,1408341628,3951576
371,19,5300710,false,1733799532,479,1415459956,4230445
372,21,17613443,false,1727690187,463,1579960096,12781011
373,8,19663513,false,1633893224,9,1601901309,14394489
374,4,32615580,false,1733796818,3,1717148353,25345616
375,3,23811671,false,1733822774,21,1711363551,23787503
376,8,14335639,false,1733819872,79,1536781291,10355204
377,112,1578773,false,1733409315,2098,1340046456,1464597
378,27,1460602,false,1733760623,344,1336137054,1375043
379,3,26610610,false,1733816073,21,1712918453,24274203
380,1,38232429,false,1733793656,1,1733539432,28667553
381,8,4464071,false,1733745491,49,1399979326,3632166
382,282,1538531,false,1733671976,3761,1338744431,1433826
383,22,1641985,false,1688130666,888,1341910447,1514247
384,15,5096604,false,1631236011,216,1411886679,4087702
385,5,11205068,false,1733818932,63,1498571291,8220929
386,84,6205834,false,1733718921,1551,1430035359,4833874
387,8,9213675,false,1678764069,21,1474213645,6845788
388,10,7509387,false,1451235715,11,1450730793,5704886
389,70,3543148,false,1567670927,1586,1383729883,2959748
390,36,5286625,false,1733828790,656,1432407143,4932655
391,1,18614974,false,1733688372,1,1589797074,13566496
392,1,36514819,false,1733754332,1,1728829319,27778052
393,6,2255931,false,1360056497,1,1358426094,1987117
394,373,3773810,false,1729526142,17053,1391792997,3284878
395,35,9181235,false,1663753500,626,1473741753,6824968
396,37,4674937,false,1422289719,279,1403946317,3785607
397,104,2218086,false,1511306204,2344,1357651103,1958219
398,48,10936249,false,1677587354,1237,1495212120,8037862
399,469,121689,false,1733823990,16422,1271109748,314963
400,44,14812191,false,1733670806,371,1543014982,10697466
401,12,9829832,false,1582117583,125,1481491707,7281806
402,6,12943230,false,1689776241,75,1584226880,13063555
403,1,20475065,false,1733754833,11,1610896216,15024587
404,7,27981118,false,1732692204,25,1678432723,21368845
405,339,2251953,false,1546618472,13626,1358346841,1983997
406,35,3532319,false,1652679349,419,1383540506,2951465
407,13,9329148,false,1482411279,93,1475658899,6925428
408,445,1744260,false,1733824922,16500,1344847270,1594823
409,3,11114754,false,1686133861,11,1497430844,8159391
410,66,9613284,false,1581535639,707,1478702961,7136955
411,4,30471618,false,1733822587,13,1708199764,23430482
412,9,23010353,false,1733294424,99,1634027522,17132957
413,643,7495,false,1733185385,106070,1221583812,13055
414,44,11565609,false,1733574054,925,1502904781,8473984
415,7,14987459,false,1634098229,47,1545386099,10819631
416,10,8841586,false,1644934781,79,1468849021,6603862
417,184,77704,false,1733707902,8027,1259613780,221612
418,4,5539077,false,1733778389,51,1421768248,4474669
419,9,22500078,false,1733750903,174,1629287251,16696520
420,1,1968822,false,1733521417,1,1350996376,1768365
421,125,5302850,false,1714151902,2162,1415511068,4231826
422,6,9438346,false,1527429875,13,1476454485,7019659
423,99,16773930,false,1733765125,1830,1569508880,12125755
424,231,78651,false,1733737076,10706,1259832185,223686
425,6,21079020,false,1659506999,115,1616844705,15493760
426,142,552576,false,1733304856,3971,1314618244,917748
427,26,1592082,false,1436705849,161,1340377082,1475193
428,3,5047456,false,1435135658,1,1411016824,4052974
429,7,1113703,false,1733782567,21,1324136426,1103616
430,10,10523831,false,1733823312,75,1490254033,7755436
431,13,4495223,false,1733305218,107,1400565533,3655167
432,16,3558065,false,1407307125,85,1383976000,2971238
433,5,13909549,false,1733833011,65,1530888555,10043100
434,334,233317,false,1723446644,5840,1288986115,498727
435,0,38054742,false,1733681618,1,1733048713,28571023
436,7,4114932,false,1481920333,3,1393885195,3376786
437,51,127643,false,1288262457,1037,1272120385,324953
438,19,1802499,false,1667733747,345,1346500947,1640463
439,13,20077754,false,1689303759,41,1633946518,17125737
440,10,11537191,false,1733786413,208,1502525734,8454156
441,290,7281098,false,1733831842,3228,1447250322,5550833
442,645,335755,false,1649841395,16623,1300297522,663011
443,1093,1301815,false,1733306149,33328,1331018073,1251549
444,63,53844,false,1352042931,985,1250881807,161004
445,8,17695265,false,1669728380,63,1580913795,12846166
446,0,36222948,false,1733470943,1,1728049509,27629157
447,336,182529,false,1726063292,7441,1281533534,417291
448,2,17679537,false,1620416658,1,1580743285,12833838
449,21,2645230,false,1407073625,31,1366143441,2288080
450,17,1495617,false,1672639456,101,1337276614,1401631
451,13,21860332,false,1652755976,59,1623050789,16151206
452,147,9471946,false,1733820351,2903,1476900106,7043908
453,116,580858,false,1312479835,5179,1262893619,245863
454,44,1250857,false,1616122234,428,1329308462,1211304
455,2,24246713,false,1733805282,1,1644784412,18198324
456,1,19563079,false,1733611614,1,1605742883,14665398
457,0,29252076,false,1733509064,1,1692369340,22411230
458,2,16961791,false,1694408699,31,1571919820,12268756
459,445,935202,false,1733794332,49809,1317001048,964243
460,54,49641,false,1733765651,517,1248970538,147934
461,43,6073752,false,1733694542,737,1427965390,4741711
462,8,354436,false,1542343526,47,1302003317,692782
463,2533,1921,false,1733753728,187278,1219531247,2648
464,2,29985632,false,1733582900,9,1700851237,22979630
465,55,2973024,false,1680165075,825,1372259153,2524707
466,3,21823117,false,1733665506,1,1622736296,16119048
467,31,1736177,false,1368962089,385,1344544701,1588697
468,88,17228781,false,1733832691,4245,1575375149,12473843
469,1,37436912,false,1733646860,1,1731343311,28244025
470,8,25913378,false,1725112404,15,1686728393,22071214
471,546,1064,false,1703035372,55969,1218812757,1412
472,2,1735626,false,1438024313,11,1344532427,1588265
473,0,29104651,false,1733401116,1,1690472580,22295739
474,16,3132775,false,1702439476,189,1375602128,2650038
475,7,8696001,false,1545647365,59,1466745680,6507320
476,15,1369077,false,1733826846,99,1333184148,1304814
477,1,30528202,false,1733822729,1,1707820505,23396717
478,8,27297663,false,1733512358,121,1671454870,20815045
479,33,13314176,false,1733814234,213,1523095406,9611208
480,14,12798378,false,1517690864,571,1516774863,9260487
481,0,38196003,false,1733696846,1,1733426019,28648447
482,0,32149232,false,1733824372,1,1715236160,24947975
483,3,38174683,false,1733797803,11,1733376947,28636104
484,0,38170809,false,1733815865,1,1733363734,28634014
485,162,3216552,false,1733498932,2762,1377419102,2715083
486,1720,3106126,false,1733833088,37859,1375069622,2628868
487,1,27499021,false,1733818577,1,1673441721,20983094
488,2,38193280,false,1733782459,1,1733419588,28647090
489,1,38178230,false,1733833806,1,1733386012,28638307
490,155,4885117,false,1714483277,1994,1407939404,3937811
491,21,2286732,false,1733564292,177,1389344512,3181048
492,2,38211835,false,1733750220,21,1733477666,28656903
493,257,325417,false,1733824125,10500,1299379534,646591
494,1,26437296,false,1733821806,1,1664104765,20082456
495,64,1913116,false,1733028441,2396,1349597798,1726366
496,30,8056132,false,1733590548,361,1458151910,6073219
497,0,25503535,false,1733813035,1,1733479631,28657355
498,0,35644381,false,1733678362,1,1726314188,27324319
499,7,16745195,false,1733805200,15,1569176850,12103702
500,165,265791,false,1600846449,4151,1293165285,552995
501,153,156039,false,1727297849,2797,1277205523,373091
502,7,3728325,false,1394670436,31,1386998413,3101544
503,3,27554485,false,1733581509,23,1673970971,21028962
504,4,29509417,false,1733582326,59,1695388086,22614791
505,30,5726178,false,1732820428,375,1422948251,4523095
506,135,3191724,false,1733819729,2124,1376904028,2695816
507,2,20199793,false,1685394834,11,1607822041,14815843
508,4,923166,false,1316511935,61,1316511935,954454
509,22,2076849,false,1659545891,359,1353781230,1849958
510,1,25358499,false,1733476316,1,1653228353,19174217
511,0,38208849,false,1733770190,11,1733469769,28655081
512,51,3239873,false,1709496327,1398,1377870437,2733184
513,3,28913945,false,1733823718,11,1687973091,22146365
514,30,13260014,false,1733821613,2001,1522414189,9574885
515,46,13412676,false,1733823322,359,1524309075,9678458
516,41,7010574,false,1536551683,461,1443122239,5373623
517,5,7234913,false,1733733908,72,1483549333,7375377
518,45,8950570,false,1733786617,977,1470294660,6676704
519,40,2373586,false,1733776575,547,1360985750,2077598
520,52,5119511,false,1733599774,1002,1412274989,4103578
521,1,38208943,false,1733476938,1,1733470022,28655135
522,12,18795083,false,1733159270,115,1613818520,15248265
523,6,17294401,false,1733786409,193,1576158973,12525382
524,0,23385332,false,1678736203,1,1637264470,17450791
525,13,1522121,false,1728381897,63,1338200954,1421496
526,59,7245730,false,1733821285,680,1480398145,7223676
527,73,1054420,false,1733825618,707,1396690713,3500826
528,3,33105380,false,1720193831,13,1718973429,25665044
529,56,10368273,false,1733794496,805,1533702312,10195307
530,4,26863484,false,1733576327,33,1667887950,20446580
531,4,9023657,false,1733775424,11,1471383001,6723789
532,66,1264028,false,1733825020,1244,1329761880,1221734
533,2,30244558,false,1733473899,3,1704021931,23178550
534,93,3956698,false,1694394979,1852,1391413008,3264924
535,0,38173318,false,1733483909,1,1733372535,28635329
536,32,5234668,false,1733830428,813,1414351150,4183655
537,4,10748480,false,1732314243,13,1492943747,7908880
538,12,11796675,false,1651941715,61,1505803121,8631245
539,13,3515960,false,1384739258,11,1383172985,2939395
540,582,402335,false,1733671890,6092,1306322659,769449
541,0,38206480,false,1733793136,1,1733463042,28653647
542,1,2453252,false,1733593667,11,1732723664,28516818
543,0,27520380,false,1733816137,1,1673617927,21000658
544,63,1355667,false,1733718551,1354,1332798881,1294116
545,69,6179310,false,1733826597,2722,1429626422,4815321
546,54,11618710,false,1710128366,1282,1503564892,8510613
547,41,2291037,false,1733427100,871,1359215203,2013856
548,1,13944016,false,1733743868,11,1531382250,10069176
549,2,15828185,false,1733516568,3,1556384845,11420397
550,40,2363789,false,1733768010,24616,1360788588,2069935
551,86,6492390,false,1705963667,1507,1434665076,5026043
552,62,4787866,false,1732827292,855,1406103860,3867820
553,2,28860915,false,1733728472,1,1687289411,22104738
554,32,6528600,false,1568149996,113,1435261924,5050526
555,7,5678523,false,1431387059,1,1422133375,4490680
556,209,21004999,false,1733787118,968,1616177413,15435022
557,131,1704336,false,1733591385,1551,1343670663,1563721
558,14,9728746,false,1488135071,67,1480369531,7222396
559,3,38198314,false,1733441012,13,1733432452,28649578
560,1035,60171,false,1733697036,116688,1254085960,179850
561,27,454587,false,1733434889,387,1311087237,852261
562,2,14238046,false,1733571657,1,1535466195,10285303
563,69,3194143,false,1724940508,1589,1376943462,2697734
564,0,20750496,false,1733792463,1,1733432542,28649597
565,8,26954370,false,1733416424,83,1668623332,20523014
566,436,43577,false,1526637533,54609,1245752059,127479
567,5,11519559,false,1733809241,73,1502308849,8441845
568,9,1472673,false,1733722298,43,1336544401,1383816
569,4,20751071,false,1733769680,13,1613685122,15238591
570,14,5649129,false,1733828614,193,1421676688,4470352
571,106,24501,false,1733522837,1909,1233744666,62353
572,66,1145563,false,1733791561,1293,1325614652,1128413
573,0,31929809,false,1733829861,1,1714278208,24740130
574,64,15785299,false,1733724031,2715,1559805699,11607676
575,72,3050,false,1220897720,4785,1220386110,4315
576,1,24012556,false,1652852595,11,1642787143,17995952
577,2,34839918,false,1733814832,1,1723621377,26816544
578,14,17619609,false,1733506351,192,1580047891,12785888
579,8,15096959,false,1733812447,17,1547122266,10895148
580,20,1034691,false,1733752420,490,1321038348,1042297
581,0,36369368,false,1732845899,1,1728434512,27703629
582,42,140958,false,1733399798,662,1274504262,347641
583,35,6821460,false,1717011179,417,1440088453,5248487
584,51,4291079,false,1733484714,829,1396884663,3507435
585,93,58988,false,1625153506,2207,1253537394,176554
586,4,2008768,false,1355279210,1,1352024096,1797828
587,4,8011865,false,1733821051,9,1457592748,6043294
588,63,143734,false,1733743603,1271,1274987150,352290
589,1,13185514,false,1733755512,101,1521576773,9525034
590,61,8699749,false,1579832210,1127,1466788413,6510058
591,1,15534422,false,1634166646,25,1552630424,11206954
592,139,1480819,false,1733503629,1663,1336768440,1390272
593,5,26229556,false,1733768872,1,1662135977,19905745
594,367,2335547,false,1733721542,7037,1360173340,2047987
595,39,9244890,false,1733811196,865,1573515618,12358187
596,144,5574637,false,1733684265,1837,1420418090,4418481
597,32,4172429,false,1733768301,560,1394800793,3419895
598,31,6793425,false,1733829555,747,1439623607,5229664
599,3,24909718,false,1733832615,61,1649742746,18779401
600,1,18978848,false,1733822373,1,1593657504,13850670
601,24,1939875,false,1659343408,419,1350285631,1746307
602,528,938881,false,1733755358,14988,1317135332,967330
603,6,9113966,false,1733440907,81,1472707793,6781621
604,4,25041275,false,1733561162,81,1650568234,18898117
605,1,36116158,false,1733764163,1,1727794083,27572973
606,0,38189127,false,1733832837,1,1733410753,28644900
607,219,95264,false,1494686947,9394,1264538236,259554
608,6,12834686,false,1733820425,11,1517242409,9284723
609,15,4673039,false,1733779673,165,1403894641,3784352
610,227,939255,false,1733817001,8855,1317145872,967638
611,3,28873752,false,1733590948,11,1687438603,22114747
612,11,1878857,false,1719900936,95,1348643840,1699473
613,8,3775911,false,1388342937,19,1388062687,3136757
614,52,8783332,false,1733827398,475,1467995478,6566294
615,111,7720636,false,1733820976,1618,1453900928,5846981
616,69,1626397,false,1733801681,1211,1341412509,1501876
617,59,3798576,false,1733816963,3520,1388647598,3152790
618,314,222360,false,1733833770,7843,1287514988,480894
619,5,20324633,false,1726208414,45,1609259012,14908414
620,4,28894670,false,1693981415,1,1687749908,22130951
621,17,1654407,false,1641419819,173,1342203507,1524322
622,42,5273740,false,1733499352,772,1415035035,4211252
623,3,4804357,false,1407176104,3,1406386536,3879966
624,281,938667,false,1518203464,5562,1317130040,967143
625,200,1460538,false,1733772781,4626,1336135855,1374987
626,1074,426537,false,1733793714,9171,1308632613,807797
627,5,34898201,false,1733753721,13,1724071105,26877042
628,429,339468,false,1715342306,9468,1300688505,668970
629,221,2606155,false,1722922952,3708,1365419617,2257288
630,1,30615657,false,1728365280,11,1708691858,23469151
631,8,10279835,false,1675289876,93,1487449597,7586380
632,3,15882505,false,1559895833,25,1557151473,11459886
633,104,1061161,false,1732994852,1978,1322081962,1062760
634,3,20006402,false,1730499070,21,1647305176,18467663
635,102,449530,false,1733401493,1285,1310640163,844365
636,47,662098,false,1300354654,2173,1288013463,486483
637,3,25964018,false,1733591239,19,1659505063,19680179
638,0,34845461,false,1730209160,1,1723638914,26819939
639,11,24108753,false,1727176766,33,1643621357,18079592
640,6,37239090,false,1733831886,17,1730804498,28142848
641,84,12570978,false,1727079965,2032,1514376779,9145082
642,250,3793429,false,1733825232,8021,1388493464,3149327
643,29,16834911,false,1733423384,384,1570357740,12171869
644,7,14603387,false,1544134584,21,1540306666,10547073
645,14,27409079,false,1733832577,509,1672643260,20909255
646,17,2757705,false,1701647306,131,1368376514,2375309
647,73,1147362,false,1733483872,971,1354385276,1869111
648,40,448756,false,1727352838,614,1483444392,7369265
649,6,1307414,false,1733532723,101,1331172458,1256108
650,21,3668485,false,1387793424,21,1385962629,3056194
651,1,11437390,false,1733751030,1,1501284401,8384335
652,0,6441797,false,1733475313,1,1433869745,4991597
653,226,173381,false,1733480867,2453,1280129467,402011
654,2,29637920,false,1730098944,21,1696921483,22714715
655,83,2208342,false,1733416620,716,1357387326,1950962
656,13,4113787,false,1677766241,171,1393868213,3375943
657,4,10089677,false,1733735073,19,1485166774,7457050
658,34,3999449,false,1663133834,721,1392098808,3295856
659,3,5692542,false,1733735350,11,1422386666,4500142
660,27,4017297,false,1406718677,549,1392354387,3308896
661,45,10933290,false,1733833757,2422,1495185569,8035759
662,199,410264,false,1733426161,3862,1307060431,782011
663,276,168379,false,1733833837,17000,1279280805,393805
664,483,412097,false,1729884749,12170,1307297548,784980
665,1095,2258168,false,1603150572,31132,1358466426,1988876
666,54,4263829,false,1733804344,1311,1396402227,3487441
667,43,18286558,false,1729954928,401,1586892247,13314717
668,1,4062670,false,1733456987,1,1393012599,3338757
669,10,13657386,false,1608784237,115,1527401674,9853488
670,206,114,false,1465675835,48578,1217680903,142
671,5,23099875,false,1732627942,35,1634806459,17209437
672,19,15881591,false,1733832096,324,1557142383,11459205
673,5,11512926,false,1733821968,87,1540505035,10560184
674,5,8763559,false,1477223186,1,1467738889,6552790
675,0,35758825,false,1726884784,1,1726786709,27385844
676,17,7467538,false,1733705410,283,1450068958,5676501
677,15,3783371,false,1733453661,139,1388243392,3142152
678,15,9543354,false,1728904002,161,1477794310,7090511
679,6,35755380,false,1733780929,33,1726770754,27384184
680,20,6906851,false,1670308731,369,1441477260,5304374
681,9,28271049,false,1727204903,55,1681183475,21614230
682,89,177610,false,1733524979,2114,1347401751,1664198
683,42,19033204,false,1733465930,761,1594245920,13894850
684,3,29770011,false,1730798703,71,1698434149,22815503
685,51,4526976,false,1455845373,1413,1401170252,3678484
686,105,2587959,false,1631254256,1092,1367292997,2334391
687,19,4915671,false,1592551260,187,1408528458,3959675
688,26,536241,false,1573789838,165,1313994429,905334
689,25,16423250,false,1733774356,398,1564577046,11863934
690,19,19170500,false,1731971505,205,1595865611,14004337
691,204,7567,false,1733157864,10373,1221586491,13189
692,38,16108218,false,1733010333,798,1560189412,11627201
693,10,16648771,false,1733773235,41,1567799573,12032351
694,202,1299488,false,1731148502,6497,1330947340,1249710
695,2292,159676,false,1724186183,91519,1277829928,379235
696,5,9097955,false,1733515268,68,1472491553,6771231
697,8,18624916,false,1733769347,41,1589889257,13574257
698,2,13618389,false,1565768485,1,1526914729,9823688
699,108,3657700,false,1732718397,4092,1385706016,3048243
700,12,1688842,false,1733823132,173,1343219674,1551605
701,0,37785296,false,1732834448,1,1732255243,28426774
702,2,31910633,false,1733244488,3,1714194899,24721796
703,8,20974517,false,1733757694,59,1615930312,15410874
704,282,2796529,false,1733829438,2155,1369142339,2405663
705,16,12077529,false,1733728336,183,1508922460,8830443
706,39,23646042,false,1733766158,807,1644776900,18197654
707,74,1980457,false,1733829819,720,1358376631,1985423
708,58,5524355,false,1733821934,1600,1419275897,4386321
709,231,7531034,false,1733772361,2555,1451158486,5719229
710,15,22844906,false,1733776717,101,1632466425,16991369
711,24,5343645,false,1733827187,133,1562239607,11739330
712,0,30359541,false,1732434290,1,1705612988,23266036
713,1,34701624,false,1733469698,1,1723220676,26723126
714,12,19688119,false,1733498055,99,1602158699,14413687
715,0,37773804,false,1733821046,1,1732217505,28420963
716,0,32440318,false,1733478753,1,1716442605,25200864
717,41,6683099,false,1733817665,1150,1437831267,5155476
718,2,37782821,false,1732442669,11,1732247333,28425385
719,1,29099731,false,1733718789,21,1690426872,22291810
720,76,3375229,false,1732250826,1564,1380603766,2833484
721,1,20164200,false,1732763162,1,1607447191,14788551
722,1,37777598,false,1733509108,1,1732228428,28422751
723,9,2215390,false,1733503614,131,1357590017,1956151
724,15,9608597,false,1733781332,124,1478638843,7133788
725,247,1956083,false,1733756752,5082,1350643369,1759063
726,108,3657700,false,1732718397,4092,1385706016,3048243
727,12,1688842,false,1733823132,173,1343219674,1551605
728,0,37785296,false,1732834448,1,1732255243,28426774
729,2,31910633,false,1733244488,3,1714194899,24721796
730,8,20974517,false,1733757694,59,1615930312,15410874
731,282,2796529,false,1733829438,2155,1369142339,2405663
732,16,12077529,false,1733728336,183,1508922460,8830443
733,39,23646042,false,1733766158,807,1644776900,18197654
734,74,1980457,false,1733829819,720,1358376631,1985423
735,58,5524355,false,1733821934,1600,1419275897,4386321
736,231,7531034,false,1733772361,2555,1451158486,5719229
737,15,22844906,false,1733776717,101,1632466425,16991369
738,24,5343645,false,1733827187,133,1562239607,11739330
739,0,30359541,false,1732434290,1,1705612988,23266036
740,1,34701624,false,1733469698,1,1723220676,26723126
741,12,19688119,false,1733498055,99,1602158699,14413687
742,0,37773804,false,1733821046,1,1732217505,28420963
743,0,32440318,false,1733478753,1,1716442605,25200864
744,41,6683099,false,1733817665,1150,1437831267,5155476
745,2,37782821,false,1732442669,11,1732247333,28425385
746,1,29099731,false,1733718789,21,1690426872,22291810
747,76,3375229,false,1732250826,1564,1380603766,2833484
748,1,20164200,false,1732763162,1,1607447191,14788551
749,1,37777598,false,1733509108,1,1732228428,28422751
750,9,2215390,false,1733503614,131,1357590017,1956151
751,15,9608597,false,1733781332,124,1478638843,7133788
752,247,1956083,false,1733756752,5082,1350643369,1759063
753,1,24421618,false,1733831194,1,1646169931,18347771
754,4,23938318,false,1733820858,23,1642151570,17931803
755,1,27881620,false,1733768367,3,1677398468,21289932
756,18,11051976,false,1733779780,465,1496690546,8116088
757,9,4049809,false,1732725123,41,1392840123,3329818
758,3,10249109,false,1733479372,23,1487088450,7563982
759,2,22456519,false,1733582682,1,1628860006,16659126
760,17,3624157,false,1733454108,229,1385132337,3022220
761,5,17112614,false,1732556952,11,1573909633,12383003
762,7,24732350,false,1733834487,73,1648555164,18620172
763,4,27261125,false,1733268519,7,1671104027,20783931
764,3,25103591,false,1732609504,21,1651409243,19007903
765,56,3729650,false,1733343425,1090,1387033899,3102471
766,42,284086,false,1733507508,872,1295464312,581966
767,10,7588671,false,1732703682,37,1452162677,5756954
768,36,16167609,false,1733416459,559,1560968704,11672206
769,30,20060396,false,1733827162,519,1606315727,14707253
770,61,56970,false,1733750845,1223,1252480770,170637
771,0,37765954,false,1733156817,1,1732201143,28416885
772,7,22379995,false,1733413820,33,1628087468,16593724
773,8,29118402,false,1732711460,47,1690649710,22306589
774,2,3911999,false,1733433960,1,1390721194,3237024
775,1,37763699,false,1733082562,3,1732196917,28415690
776,4,30637324,false,1733806513,29,1708975965,23486478
777,6,21910242,false,1733378411,49,1623393609,16194791
778,261,2715546,false,1733773481,8020,1367495977,2343011
779,80,16628131,false,1733832509,2416,1567544587,12016688
780,1,13554563,false,1733825786,1,1617261992,15528353
781,3,37755581,false,1733780412,11,1732179184,28410919
782,3,26670648,false,1733453918,11,1666180049,20282129
783,1,37400883,false,1733696607,1,1731251529,28225103
784,1,33107755,false,1732599962,1,1718979814,25666339
785,2,37199191,false,1732696231,1,1730708034,28122014
786,96,3688497,false,1733834727,1524,1386271409,3071712
787,2,29082652,false,1733820156,19,1690222909,22278319
788,1,27703114,false,1733813446,1,1675524317,21147331
789,6,30580454,false,1733827948,25,1708338171,23440343
790,29,9537267,false,1733480576,615,1477683464,7087006
791,5,8914122,false,1733820801,31,1469779785,6653251
792,25,9233529,false,1733825195,647,1507131809,8721281
793,4,30834236,false,1733820014,3,1710816717,23655408
794,503,1672317,false,1733818036,23336,1342715677,1538553
795,3,30988656,false,1732866673,31,1711422201,23803293
796,1,37715478,false,1732521555,1,1732080375,28388874
797,294,83889,false,1733516474,26832,1261179837,234901
798,66,5524210,false,1733742502,653,1419273344,4386227
799,39,4330003,false,1732562380,686,1397562770,3535788
800,0,33266857,false,1733402217,1,1719471852,25758912
801,9,3158941,false,1732743534,57,1395246312,3438614
802,0,37751442,false,1733223626,1,1732169350,28408397
803,16,9804257,false,1733622943,150,1481145412,7264604
804,0,36872318,false,1733753285,11,1729751179,27962103
805,3,37723499,false,1733137829,1,1732098397,28393817
806,1,37059680,false,1733736438,1,1730274820,28056321
807,1,27159381,false,1732689672,1,1670295294,20697683
808,2,12590569,false,1732269476,3,1514684908,9157454
809,2,37705726,false,1733003636,11,1732049045,28384118
810,4,1064075,false,1733776130,23,1523562751,9638229
811,35,3366634,false,1733781727,667,1380398120,2827048
812,3,19803531,false,1733767922,23,1603422890,14503945
813,6,8301720,false,1732166689,25,1461320454,6240133
814,17,4387361,false,1733780769,415,1398548657,3577053
815,1,37740221,false,1732260490,11,1732133492,28402799
816,5,16122418,false,1733744881,15,1560357149,11638068
817,0,37737832,false,1733771798,1,1732127754,28401723
818,15,2658598,false,1732282425,159,1366366524,2298785
819,138,162583,false,1733782828,3321,1278387422,384137
820,125,3813919,false,1733526669,3185,1388968258,3163824
821,2,37737367,false,1733788845,1,1732126647,28401501
822,0,11124266,false,1733025564,11,1497530789,8166272
823,1,10419014,false,1733834215,1,1489035058,7682188
824,15,12403407,false,1732201460,97,1512138391,9039536
825,4,10748480,false,1732314243,13,1492943747,7908880
826,194,15755,false,1733761405,7958,1225714721,33624
827,2,29250206,false,1733771448,11,1692349902,22409733
828,35,3622548,false,1733396399,601,1385109790,3020926
829,0,37038756,false,1733414767,1,1730216450,28046131
830,6,25462232,false,1733819802,75,1654236402,19261789
831,49,4331267,false,1733498133,1531,1397577062,3536729
832,1,29855838,false,1733821704,1,1699452981,22880688
833,0,25114141,false,1733495646,1,1654038250,19244093
834,341,3446101,false,1733727375,19209,1381935144,2886891
835,6,19783356,false,1733821886,51,1603221469,14487894
836,41,54150,false,1733755599,2051,1251111324,161995
837,40,21088679,false,1732271238,577,1616955791,15501126
838,21,360022,false,1733771604,411,1302510172,701787
839,243,1117020,false,1732618590,3610,1324306640,1106134
840,104,1219626,false,1733666589,1532,1328233070,1186523
841,37,6198240,false,1732793227,367,1429883352,4828929
842,0,37692002,false,1733417675,1,1732020884,28377059
843,2,29885911,false,1733241488,13,1699806728,22903432
844,12,11797000,false,1733470607,113,1505805567,8631504
845,0,37727695,false,1732534513,1,1732107735,28396315
846,4,27826361,false,1733487344,5,1676825482,21245709
847,0,37726513,false,1733396039,1,1732105121,28395629
848,0,3781280,false,1732314020,1,1388180534,3140698
849,9,27080115,false,1733831603,117,1669694883,20629378
850,6,8796508,false,1732176425,11,1468235030,6574242
851,9,35531768,false,1733828794,153,1725866902,27261123
852,1,30857190,false,1733830054,13,1710930910,23676614
853,1,37391482,false,1732772354,1,1731223978,28220353
854,42,15032371,false,1733829045,1924,1546200244,10850045
855,24,7958430,false,1733768600,229,1456910993,6006943
856,4,7166324,false,1733364205,15,1445509783,5475325
857,25,267723,false,1733735361,451,1293546182,556070
858,5,19853664,false,1732117590,31,1603986107,14543636
859,6,24538913,false,1732461879,41,1647123741,18449553
860,1,29721749,false,1733806632,1,1697880777,22778841
861,8,4322574,false,1733203332,55,1397437364,3530266
862,1,37718418,false,1733828198,1,1732087488,28390676
863,2,31956952,false,1732701121,21,1714377343,24766258
864,33,2111883,false,1733825855,367,1354653537,1877010
865,9,35531768,false,1733828794,153,1725866902,27261123
866,55,7518898,false,1733734325,1516,1451288901,5722565
867,1,19296119,false,1733828396,3,1597405641,14105056
868,51,259830,false,1733785224,2081,1280076268,542981
869,52,2645778,false,1733755421,413,1366153631,2288506
870,9,7130728,false,1733797825,172,1444961559,5452062
871,0,37613921,false,1733521226,1,1731802985,28336853
872,1,34798129,false,1732148729,3,1723502564,26789261
873,0,37574089,false,1733829799,1,1731677889,28317228
874,4,10208685,false,1732877409,31,1486583125,7536551
875,2,11486591,false,1733807246,1,1501873756,8419081
876,69,4165150,false,1733765852,3714,1394697252,3414257
877,77,3157909,false,1732655660,1412,1376112172,2669851
878,7,1661410,false,1733828498,62,1344693772,1592322
879,87,3290665,false,1733830526,2138,1378908412,2769062
880,3,36965214,false,1732600961,11,1730026064,28008581
881,4,20053093,false,1732047124,19,1606242563,14701382
882,23,8253432,false,1733741660,338,1461820073,6264832
883,223,3619169,false,1733754764,9625,1385050065,3018377
884,0,27382887,false,1733497077,1,1672318944,20887234
885,36,970256,false,1733760433,925,1318491649,992940
886,30,9894605,false,1733766765,479,1482335622,7326551
887,5,25229369,false,1732181497,21,1651968423,19064728
888,59,1810821,false,1732140509,499,1346780035,1646928
889,1,325060,false,1732128004,9,1299329812,646012
890,22,17690939,false,1733752076,127,1580871850,12842720
891,21,4294524,false,1733824059,163,1396943326,3509916
892,87,5068491,false,1733242235,1268,1425062187,4615735
893,6,14195641,false,1733508214,15,1534857923,10255032
894,3,35659867,false,1732033050,3,1726398022,27332136
895,45,103902,false,1733314268,813,1266750953,278060
896,0,37695190,false,1732864141,1,1732027131,28378754
897,5,7432960,false,1733770632,11,1449558406,5653263
898,2,37694003,false,1733397335,1,1732024897,28378132
899,1,34188296,false,1733669888,1,1721386793,26433256
900,3,29988824,false,1733752733,31,1700900220,22982009
901,52,13728673,false,1733457260,1114,1528345939,9906708
902,3,20074816,false,1733130819,7,1606471746,14718784
903,1,36336107,false,1733108465,9,1728367494,27685199
904,12,19266739,false,1733831597,75,1597072182,14081529
905,4,29658875,false,1733345627,7,1697135831,22730980
906,32,7162613,false,1733754306,381,1445451903,5472879
907,35,8475277,false,1733822108,495,1463668325,6356736
908,11,12047620,false,1733496934,109,1508609774,8811993
909,1,32134408,false,1733757679,9,1715170666,24934057
910,0,32955719,false,1732302625,11,1718456961,25584377
911,165,470837,false,1733821383,5457,1406103227,3867787
912,18,29397805,false,1733410235,137,1694200283,22524769
913,6,25480943,false,1733171355,33,1654458336,19277310
914,1,37685185,false,1733049170,11,1732006079,28373133
915,1,37663863,false,1733757794,1,1731947902,28362297
916,225,6383695,false,1733822407,5679,1432886274,4952262
917,9,15774738,false,1733821333,72,1555661738,11382755
918,24,16116853,false,1732871490,85,1560292774,11633731
919,43,13592575,false,1733730084,650,1526552721,9805514
920,282,2796529,false,1733829438,2155,1369142339,2405663
921,0,37658426,false,1733788505,1,1731937706,28359413
922,0,37660358,false,1733145160,1,1731941203,28360462
923,1,23129330,false,1733154747,1,1635086008,17234641
924,1,18503527,false,1733728386,1,1588744380,13480304
925,3,29386274,false,1733823386,59,1694080870,22515654
926,247,1956083,false,1733756752,5082,1350643369,1759063
927,1,12125925,false,1733735961,13,1509346812,8854780
928,1,29211793,false,1733703027,1,1691842715,22379595
929,23,9173052,false,1733300526,531,1473613848,6819781
930,8,12065599,false,1733454271,65,1508816205,8822795
931,389,2846397,false,1733827615,7374,1370157489,2444661
932,1,36336107,false,1733108465,9,1728367494,27685199
933,12,16188208,false,1733222294,525,1561281108,11687703
934,9,6347215,false,1732227593,159,1432265626,4927357
935,2,37672509,false,1732745750,3,1731968305,28366312
936,1,37674954,false,1733189443,1,1731977164,28367318
937,89,177610,false,1733524979,2114,1347401751,1664198
938,168,1355300,false,1733438013,2605,1332789259,1293827
939,200,482547,false,1733757911,5775,1313508991,897007
940,5,31305742,false,1733733055,13,1712586285,24118536
941,15,449999,false,1733224440,45,1310664558,845104
942,0,22917544,false,1733821611,1,1633114763,17053914
943,30,186531,false,1733819198,640,1282135033,423988
944,45,12979838,false,1732544147,579,1519071313,9382668
945,4,30148530,false,1733148330,37,1702591008,23104514
946,3,28628544,false,1732537852,13,1684418273,21920054
947,4,2339965,false,1732562699,13,1360253234,2051485
948,2,24444452,false,1732727591,1,1646339065,18367641
949,90,1235990,false,1732929212,4312,1328788515,1199564
950,2,32571448,false,1733827978,1,1716982774,25308907
951,2,35010051,false,1731952943,1,1724231821,26917766
952,5,25297315,false,1732704930,13,1660159020,19738095
953,245,1544079,false,1733747973,6039,1338919612,1438038
954,6,17045705,false,1733834833,132,1658828148,19623995
955,6,17007913,false,1733810097,15,1572531459,12303698
956,212,294406,false,1733756409,24780,1296559647,598289
957,225,6383695,false,1733822407,5679,1432886274,4952262
958,6,21507989,false,1733668662,21,1620290630,15851104
959,4,29882935,false,1733764440,37,1699766674,22901268
960,2,16563559,false,1733612683,11,1566582954,11968844
961,2,23089957,false,1733342026,11,1634727807,17200974
962,0,37656282,false,1733240057,1,1731933248,28358256
963,2,25859587,false,1732876089,31,1658386253,19592255
964,3,26803096,false,1733819803,19,1667370832,20394755
965,49,1972777,false,1733753524,931,1351084429,1771308
966,1,37654631,false,1732280742,1,1731929719,28357269
967,2,37424321,false,1733824775,11,1731317340,28237090
